City_ID,City,Country,Date,Lat,Lng,Max Temp,Humidity,Cloudiness,Wind Speed
0,East London,ZA,2022-01-27 04:59:05,-33.0153,27.9116,72.54,100,100,2.3
1,Talagang,PK,2022-01-27 05:01:33,32.9297,72.4158,52.84,30,0,4.41
2,Bluff,NZ,2022-01-27 04:57:54,-46.6,168.3333,58.8,61,68,10.8
3,Albany,US,2022-01-27 05:00:54,42.6001,-73.9662,5.72,69,5,2.1
4,Hermanus,ZA,2022-01-27 05:01:34,-34.4187,19.2345,65.89,83,25,9.4
5,Faanui,PF,2022-01-27 05:01:34,-16.4833,-151.75,80.94,77,29,17.49
6,Marsa Matruh,EG,2022-01-27 05:01:35,31.3525,27.2453,49.98,62,97,17.92
7,Busselton,AU,2022-01-27 05:01:35,-33.65,115.3333,80.01,36,0,6.26
8,Mackay,AU,2022-01-27 05:01:36,-21.15,149.2,82.69,73,100,14.34
9,Kavieng,PG,2022-01-27 05:00:52,-2.5744,150.7967,83.84,73,83,6.46
10,Rikitea,PF,2022-01-27 05:01:36,-23.1203,-134.9692,78.17,79,5,18.39
11,Thompson,CA,2022-01-27 04:57:00,55.7435,-97.8558,-9.24,70,0,12.66
12,Lazaro Cardenas,MX,2022-01-27 05:01:37,17.9583,-102.2,74.08,79,49,2.93
13,Zhigalovo,RU,2022-01-27 05:01:37,54.8097,105.1578,1.54,91,90,0.98
14,Tasiilaq,GL,2022-01-27 04:57:54,65.6145,-37.6368,14.47,82,100,5.21
15,Ushuaia,AR,2022-01-27 05:01:38,-54.8,-68.3,46.67,96,100,3.04
16,Victoria,HK,2022-01-27 05:01:06,22.2855,114.1577,72.32,83,33,3.0
17,New Norfolk,AU,2022-01-27 04:57:35,-42.7826,147.0587,79.88,38,89,5.91
18,Torbay,CA,2022-01-27 05:01:38,47.6666,-52.7314,28.27,96,100,18.41
19,Mataura,NZ,2022-01-27 04:57:38,-46.1927,168.8643,58.48,44,47,7.11
20,Upernavik,GL,2022-01-27 05:01:39,72.7868,-56.1549,1.49,84,100,3.71
21,Saint-Philippe,RE,2022-01-27 05:01:39,-21.3585,55.7679,81.95,60,14,7.38
22,Nanortalik,GL,2022-01-27 05:01:40,60.1432,-45.2371,29.86,90,99,17.05
23,Hofn,IS,2022-01-27 05:01:40,64.2539,-15.2082,30.45,54,91,7.83
24,Punta Arenas,CL,2022-01-27 05:01:41,-53.15,-70.9167,50.11,76,98,10.13
25,Jamestown,US,2022-01-27 05:01:41,42.097,-79.2353,6.71,63,0,8.05
26,Hobart,AU,2022-01-27 04:58:14,-42.8794,147.3294,80.22,63,75,12.66
27,Butaritari,KI,2022-01-27 05:01:42,3.0707,172.7902,82.2,78,19,13.53
28,Conceicao Da Barra,BR,2022-01-27 05:01:42,-18.5933,-39.7322,73.31,94,34,2.95
29,Volksrust,ZA,2022-01-27 05:01:42,-27.3654,29.8818,60.13,89,66,2.13
30,Hilo,US,2022-01-27 05:01:43,19.7297,-155.09,72.25,89,1,1.01
31,Nago,JP,2022-01-27 05:01:43,26.5881,127.9761,73.47,69,46,7.2
32,Pushkinskiye Gory,RU,2022-01-27 05:01:44,57.0209,28.9103,21.9,95,100,8.9
33,Severo-Kurilsk,RU,2022-01-27 04:58:34,50.6789,156.125,25.57,65,88,30.29
34,Labytnangi,RU,2022-01-27 05:01:44,66.6572,66.4183,4.21,95,100,3.38
35,Mvuma,ZW,2022-01-27 05:01:45,-19.2792,30.5283,64.36,91,93,10.83
36,Kotma,IN,2022-01-27 04:57:04,23.2,81.9667,59.05,42,0,5.23
37,Tefe,BR,2022-01-27 05:01:45,-3.3542,-64.7114,72.57,99,97,2.13
38,Duncan,US,2022-01-27 04:59:28,34.5023,-97.9578,37.35,83,100,3.44
39,Hithadhoo,MV,2022-01-27 04:58:17,-0.6,73.0833,81.95,73,92,21.25
40,Castro,BR,2022-01-27 05:01:46,-24.7911,-50.0119,65.41,92,85,3.09
41,Mar Del Plata,AR,2022-01-27 05:01:46,-38.0023,-57.5575,63.09,71,0,1.01
42,Kruisfontein,ZA,2022-01-27 05:01:47,-34.0033,24.7314,64.89,85,54,3.74
43,Nayagarh,IN,2022-01-27 05:01:47,20.1333,85.1,70.56,34,0,6.53
44,Nyurba,RU,2022-01-27 05:01:48,63.2842,118.3319,-2.13,95,95,5.12
45,Viedma,AR,2022-01-27 05:01:48,-40.8135,-62.9967,59.04,66,0,2.24
46,Kapaa,US,2022-01-27 04:58:13,22.0752,-159.319,75.18,74,25,7.78
47,Hammerfest,NO,2022-01-27 05:02:49,70.6634,23.6821,27.05,100,75,2.3
48,Tautira,PF,2022-01-27 05:02:49,-17.7333,-149.15,84.0,78,36,15.97
49,Luderitz,NA,2022-01-27 04:58:35,-26.6481,15.1594,66.76,76,3,19.66
50,Fujin,CN,2022-01-27 05:02:50,47.26,132.0322,9.21,85,11,10.76
51,Yellowknife,CA,2022-01-27 05:02:50,62.456,-114.3525,4.41,92,98,4.0
52,Nikolskoye,RU,2022-01-27 05:02:51,59.7035,30.7861,25.88,94,100,10.07
53,Lorengau,PG,2022-01-27 05:02:51,-2.0226,147.2712,82.49,79,98,4.65
54,Kingaroy,AU,2022-01-27 04:59:54,-26.5333,151.8333,75.24,69,100,9.22
55,Punta Cardon,VE,2022-01-27 05:02:52,11.6581,-70.215,75.92,84,5,20.11
56,Bredasdorp,ZA,2022-01-27 05:02:52,-34.5322,20.0403,65.28,88,39,4.25
57,Ahipara,NZ,2022-01-27 05:00:59,-35.1667,173.1667,70.32,57,0,15.59
58,Trenggalek,ID,2022-01-27 05:02:53,-8.05,111.7167,85.91,69,99,4.21
59,Lamu,KE,2022-01-27 05:02:53,-2.2717,40.902,80.82,74,5,10.98
60,Limni,GR,2022-01-27 05:02:54,38.7667,23.3167,35.64,73,7,5.08
61,Tateyama,JP,2022-01-27 05:02:54,34.9833,139.8667,53.1,51,100,9.66
62,Georgetown,MY,2022-01-27 04:58:09,5.4112,100.3354,89.53,74,20,1.01
63,Tarbagatay,RU,2022-01-27 05:02:55,51.4803,107.3602,-6.27,86,76,3.65
64,Pontes E Lacerda,BR,2022-01-27 05:02:55,-15.2261,-59.3353,71.4,96,64,1.81
65,Gayeri,BF,2022-01-27 05:02:55,12.6497,0.4931,65.17,17,1,12.35
66,Khatanga,RU,2022-01-27 05:02:56,71.9667,102.5,1.81,85,100,13.87
67,Asfi,MA,2022-01-27 05:02:56,32.2994,-9.2372,57.4,67,31,10.54
68,Qaanaaq,GL,2022-01-27 05:02:10,77.484,-69.3632,-7.76,59,75,9.86
69,Thinadhoo,MV,2022-01-27 05:02:57,0.5333,72.9333,81.54,71,94,18.7
70,Veraval,IN,2022-01-27 04:59:21,20.9,70.3667,69.96,33,1,13.02
71,Otuzco,PE,2022-01-27 05:02:57,-7.9,-78.5833,49.33,82,89,0.6
72,Sao Joao Da Barra,BR,2022-01-27 05:01:03,-21.6403,-41.0511,74.34,87,4,15.82
73,Palmer,US,2022-01-27 05:02:58,42.1584,-72.3287,13.28,71,0,0.0
74,Yar-Sale,RU,2022-01-27 05:02:59,66.8333,70.8333,8.33,93,100,10.02
75,Port Elizabeth,ZA,2022-01-27 05:02:59,-33.918,25.5701,67.1,100,100,8.05
76,Atuona,PF,2022-01-27 05:03:00,-9.8,-139.0333,78.73,78,11,19.22
77,Bosaso,SO,2022-01-27 05:03:00,11.2842,49.1816,73.02,64,9,3.15
78,Mahajanga,MG,2022-01-27 05:03:00,-15.7167,46.3167,78.82,78,40,4.61
79,Sharkan,RU,2022-01-27 05:03:01,57.2989,53.8712,8.17,95,100,8.84
80,Phangnga,TH,2022-01-27 05:03:01,8.4509,98.5298,87.84,42,9,4.05
81,Airai,TL,2022-01-27 04:59:20,-8.9266,125.4092,73.53,62,88,6.15
82,Makinsk,KZ,2022-01-27 05:03:02,52.6292,70.4169,1.29,92,99,6.71
83,Namatanai,PG,2022-01-27 05:02:25,-3.6667,152.4333,84.38,72,72,5.75
84,Sokol,RU,2022-01-27 05:03:03,59.4617,40.1206,3.7,98,100,4.14
85,Tiksi,RU,2022-01-27 04:58:10,71.6872,128.8694,-1.53,89,55,13.69
86,Comodoro Rivadavia,AR,2022-01-27 05:03:03,-45.8667,-67.5,64.26,45,0,8.05
87,Cockburn Town,TC,2022-01-27 05:03:04,21.4612,-71.1419,77.36,76,1,12.88
88,Cidreira,BR,2022-01-27 04:58:26,-30.1811,-50.2056,74.66,95,100,6.29
89,Vaini,TO,2022-01-27 05:03:05,-21.2,-175.2,81.43,77,100,10.47
90,Hervey Bay,AU,2022-01-27 05:03:05,-25.2986,152.8535,83.03,59,69,18.19
91,Bonthe,SL,2022-01-27 05:04:05,7.5264,-12.505,76.41,82,34,2.1
92,Huadian,CN,2022-01-27 05:04:06,42.9633,126.7478,12.85,80,62,4.41
93,Shangrao,CN,2022-01-27 05:04:06,28.4532,117.9686,47.66,94,100,2.95
94,Barcelos,PT,2022-01-27 05:04:07,41.5388,-8.6151,48.85,66,3,5.75
95,Bilaspur,IN,2022-01-27 05:04:07,22.0833,82.15,65.71,34,0,3.24
96,Port Lincoln,AU,2022-01-27 05:04:07,-34.7333,135.8667,77.07,62,4,9.78
97,Aguimes,ES,2022-01-27 05:04:08,27.9054,-15.4461,57.83,82,75,11.5
98,Port Alfred,ZA,2022-01-27 05:04:08,-33.5906,26.891,72.95,90,76,5.01
99,Pozo Colorado,PY,2022-01-27 05:04:09,-23.4923,-58.7972,76.05,80,60,6.35
100,Ponta Do Sol,PT,2022-01-27 05:04:09,32.6667,-17.1,58.01,78,57,6.76
101,Kodiak,US,2022-01-27 05:04:10,57.79,-152.4072,35.11,87,100,14.97
102,Dikson,RU,2022-01-27 05:04:10,73.5069,80.5464,11.37,93,100,28.72
103,Bilibino,RU,2022-01-27 05:04:10,68.0546,166.4372,-25.49,94,63,2.35
104,Leshukonskoye,RU,2022-01-27 05:04:11,64.8989,45.7622,-2.34,100,98,4.81
105,Nuuk,GL,2022-01-27 05:04:11,64.1835,-51.7216,20.01,38,75,10.36
106,Leningradskiy,RU,2022-01-27 05:04:12,69.3833,178.4167,-24.93,90,7,3.67
107,Pishin,PK,2022-01-27 05:04:13,30.5803,66.9961,39.58,33,0,1.14
108,Rapid Valley,US,2022-01-27 05:00:59,44.0625,-103.1463,36.45,64,0,1.01
109,Aklavik,CA,2022-01-27 05:04:13,68.2191,-135.0107,-13.09,96,98,3.22
110,Ribeira Grande,PT,2022-01-27 05:04:14,38.5167,-28.7,59.85,81,35,12.8
111,Aswan,EG,2022-01-27 05:04:14,24.0934,32.907,42.93,64,2,11.99
112,Parati,BR,2022-01-27 05:04:16,-23.2178,-44.7131,76.48,77,39,6.31
113,Bambous Virieux,MU,2022-01-27 05:04:16,-20.3428,57.7575,82.22,65,75,5.75
114,Vostok,RU,2022-01-27 05:02:22,46.4856,135.8833,8.56,85,100,5.7
115,Ambanja,MG,2022-01-27 05:04:17,-13.6833,48.45,77.22,82,83,1.72
116,Taoudenni,ML,2022-01-27 05:04:17,22.6783,-3.9836,61.99,20,6,11.54
117,Vila Franca Do Campo,PT,2022-01-27 05:04:17,37.7167,-25.4333,58.19,81,29,8.39
118,Bathsheba,BB,2022-01-27 05:04:18,13.2167,-59.5167,74.01,83,20,11.5
119,Mount Gambier,AU,2022-01-27 05:04:18,-37.8333,140.7667,85.39,47,13,11.77
120,Zacatlan,MX,2022-01-27 05:04:19,19.9333,-97.9667,49.06,88,80,2.53
121,Naze,JP,2022-01-27 05:04:19,28.3667,129.4833,62.67,74,93,4.74
122,Hasaki,JP,2022-01-27 05:04:19,35.7333,140.8333,52.2,48,95,9.22
123,Hohhot,CN,2022-01-27 05:04:20,40.8106,111.6522,20.25,34,1,2.1
124,Deputatskiy,RU,2022-01-27 05:04:20,69.3,139.9,-8.61,97,100,5.1
125,Kudahuvadhoo,MV,2022-01-27 05:04:21,2.6708,72.8944,80.24,68,98,13.22
126,Flinders,AU,2022-01-27 05:02:19,-34.5833,150.8552,82.18,65,6,8.99
127,Itarema,BR,2022-01-27 05:04:21,-2.9248,-39.9167,77.14,86,100,10.0
128,Port-Cartier,CA,2022-01-27 05:04:22,50.0334,-66.8654,-13.25,98,60,6.49
129,Esperance,AU,2022-01-27 05:04:22,-33.8667,121.9,68.58,74,97,12.37
130,Kerema,PG,2022-01-27 05:04:22,-7.9631,145.7785,85.8,69,94,12.21
131,Mastic,US,2022-01-27 05:04:23,40.802,-72.8409,20.93,56,0,3.0
132,Puerto Ayora,EC,2022-01-27 05:04:23,-0.7393,-90.3518,72.97,91,97,5.88
133,Shimoda,JP,2022-01-27 05:04:23,34.6667,138.95,53.71,66,100,7.76
134,Pryazha,RU,2022-01-27 05:04:24,61.6926,33.6216,16.83,92,100,9.17
135,Barrow,US,2022-01-27 05:04:24,71.2906,-156.7887,-14.78,76,0,12.66
136,Lithakia,GR,2022-01-27 05:05:25,37.7167,20.8333,41.59,66,59,5.48
137,Vanavara,RU,2022-01-27 05:05:25,60.34,102.2797,-5.21,91,71,0.98
138,Ngaoundere,CM,2022-01-27 05:05:25,7.3167,13.5833,58.5,29,98,3.8
139,Acobamba,PE,2022-01-27 05:05:26,-11.3525,-75.6594,53.1,82,100,1.81
140,Havoysund,NO,2022-01-27 05:05:26,70.9963,24.6622,28.63,75,100,5.44
141,Lebu,CL,2022-01-27 05:00:56,-37.6167,-73.65,57.29,92,4,8.68
142,Dongkan,CN,2022-01-27 05:05:27,33.9997,119.8308,43.05,53,99,12.46
143,Lasa,IT,2022-01-27 05:05:27,46.6166,10.7002,31.37,50,80,6.17
144,Ust-Kuyga,RU,2022-01-27 05:05:28,70.0167,135.6,-9.2,95,100,9.98
145,Sambava,MG,2022-01-27 05:05:28,-14.2667,50.1667,76.82,77,35,8.3
146,Hauterive,FR,2022-01-27 05:05:29,46.0901,3.4459,27.01,84,4,1.14
147,Talnakh,RU,2022-01-27 05:05:29,69.4865,88.3972,1.2,96,100,14.76
148,Srednekolymsk,RU,2022-01-27 05:05:29,67.45,153.6833,-41.82,100,38,1.95
149,Atar,MR,2022-01-27 05:02:18,20.5169,-13.0499,60.58,55,35,9.13
150,Maralal,KE,2022-01-27 05:05:30,1.0968,36.698,58.89,54,7,4.88
151,Labuhan,ID,2022-01-27 05:05:30,-6.8844,112.2051,85.12,71,100,13.2
152,Dover,US,2022-01-27 05:02:47,39.1582,-75.5244,25.95,67,0,0.0
153,Ancud,CL,2022-01-27 05:04:15,-41.8697,-73.8203,56.73,76,0,0.74
154,Santa Isabel Do Rio Negro,BR,2022-01-27 05:05:31,-0.4139,-65.0192,73.54,98,98,0.6
155,Geraldton,AU,2022-01-27 05:05:32,-28.7667,114.6,86.41,45,0,23.02
156,Hibbing,US,2022-01-27 05:05:32,47.4272,-92.9377,26.1,86,100,3.44
157,Sao Filipe,CV,2022-01-27 05:05:33,14.8961,-24.4956,73.38,73,95,13.13
158,Houma,US,2022-01-27 05:05:33,29.5958,-90.7195,46.99,68,2,6.55
159,Cape Town,ZA,2022-01-27 05:05:02,-33.9258,18.4232,64.35,83,0,7.07
160,Tahta,EG,2022-01-27 05:03:38,26.7693,31.5021,40.5,61,0,4.88
161,Calatayud,ES,2022-01-27 05:05:34,41.3535,-1.6432,37.98,67,0,0.45
162,Norman Wells,CA,2022-01-27 05:01:00,65.282,-126.8329,-1.1,94,72,1.41
163,Iqaluit,CA,2022-01-27 05:01:57,63.7506,-68.5145,-35.28,99,99,2.89
164,Maceio,BR,2022-01-27 05:05:35,-9.6658,-35.7353,76.44,94,40,8.05
165,Manggar,ID,2022-01-27 05:05:35,-2.8833,108.2667,86.79,61,99,10.71
166,Rio Verde De Mato Grosso,BR,2022-01-27 05:05:35,-18.9181,-54.8442,75.79,79,88,3.71
167,Yarmouth,US,2022-01-27 05:05:36,41.7057,-70.2286,21.96,65,0,18.99
168,Neftegorsk,RU,2022-01-27 05:05:36,52.802,51.166,4.03,98,93,7.56
169,Sayyan,YE,2022-01-27 05:05:37,15.1718,44.3244,53.22,43,1,0.54
170,Westport,US,2022-01-27 05:01:03,41.1415,-73.3579,21.97,57,4,4.0
171,Kaitangata,NZ,2022-01-27 05:05:37,-46.2817,169.8464,56.93,55,67,12.28
172,Walvis Bay,NA,2022-01-27 05:05:38,-22.9575,14.5053,67.08,86,28,1.74
173,Zhigansk,RU,2022-01-27 05:05:38,66.7697,123.3711,-18.56,99,69,6.69
174,Arraial Do Cabo,BR,2022-01-27 05:05:38,-22.9661,-42.0278,74.61,88,21,21.16
175,Tuatapere,NZ,2022-01-27 05:05:39,-46.1333,167.6833,57.81,51,33,7.4
176,Verkhnyaya Maksakovka,RU,2022-01-27 05:05:39,61.635,50.9674,5.02,85,75,4.47
177,Bratsk,RU,2022-01-27 05:05:40,56.1325,101.6142,0.34,94,100,2.73
178,Isiro,CD,2022-01-27 05:05:40,2.7739,27.616,66.18,51,100,2.04
179,Kahului,US,2022-01-27 05:05:40,20.8947,-156.47,74.84,76,20,8.05
180,Portland,US,2022-01-27 05:01:32,45.5234,-122.6762,40.86,75,18,1.99
181,Ponta Delgada,PT,2022-01-27 05:02:26,37.7333,-25.6667,58.5,67,75,8.05
182,Tuktoyaktuk,CA,2022-01-27 05:05:41,69.4541,-133.0374,-9.78,95,97,16.06
183,Jacqueville,CI,2022-01-27 05:06:42,5.2052,-4.4146,76.91,80,4,4.25
184,General Roca,AR,2022-01-27 05:06:42,-39.0333,-67.5833,68.4,36,2,15.32
185,Saint-Pierre,RE,2022-01-27 05:06:42,-21.3393,55.4781,82.04,50,0,4.61
186,College,US,2022-01-27 05:06:43,64.8569,-147.8028,-11.0,74,0,0.0
187,Chokurdakh,RU,2022-01-27 05:06:43,70.6333,147.9167,-27.08,95,32,12.75
188,Bhiwani,IN,2022-01-27 05:06:44,28.7833,76.1333,59.27,46,0,6.17
189,Along,IN,2022-01-27 05:06:44,28.1667,94.7667,54.61,88,100,1.92
190,Lefka,CY,2022-01-27 05:06:44,35.1106,32.8506,43.88,73,77,11.86
191,Luganville,VU,2022-01-27 05:06:45,-15.5333,167.1667,84.74,78,100,10.96
192,Adrar,MR,2022-01-27 05:06:45,20.5022,-10.0711,59.14,18,17,3.71
193,Jatiroto,ID,2022-01-27 05:06:46,-7.8833,111.1167,82.08,76,99,6.38
194,Basco,PH,2022-01-27 05:06:46,20.4487,121.9702,75.11,85,100,22.06
195,Lahad Datu,MY,2022-01-27 05:06:46,5.0268,118.327,84.7,69,74,4.27
196,Nouadhibou,MR,2022-01-27 05:06:47,20.931,-17.0347,61.65,81,0,18.68
197,Mbinga,TZ,2022-01-27 05:06:47,-10.9333,35.0167,64.06,98,100,2.64
198,Nagutskoye,RU,2022-01-27 05:06:48,44.4415,42.8762,25.02,90,96,2.86
199,Coquimbo,CL,2022-01-27 05:01:59,-29.9533,-71.3436,63.32,83,5,4.29
200,Aguada De Pasajeros,CU,2022-01-27 05:06:49,22.385,-80.8508,69.78,92,0,1.61
201,Pochutla,MX,2022-01-27 05:06:49,15.7432,-96.4661,76.05,75,32,3.89
202,Griffith,US,2022-01-27 05:06:49,41.5284,-87.4237,14.11,63,0,5.01
203,Bubaque,GW,2022-01-27 05:06:50,11.2833,-15.8333,78.15,62,84,5.48
204,Gondanglegi,ID,2022-01-27 05:05:19,-7.7479,112.0132,85.91,70,100,2.62
205,Avarua,CK,2022-01-27 05:06:50,-21.2078,-159.775,80.65,89,40,13.8
206,Te Anau,NZ,2022-01-27 05:06:51,-45.4167,167.7167,63.77,33,18,4.68
207,Lata,PT,2022-01-27 05:02:29,40.1629,-8.3327,48.06,77,54,5.5
208,Agua Branca,BR,2022-01-27 05:06:51,-5.8922,-42.6361,70.34,95,100,0.27
209,Suoyarvi,RU,2022-01-27 05:06:52,62.0833,32.35,17.55,94,100,9.78
210,Provideniya,RU,2022-01-27 05:06:52,64.3833,-173.3,-8.07,84,32,3.4
211,Rabo De Peixe,PT,2022-01-27 05:02:07,37.8,-25.5833,57.27,92,75,8.05
212,Carnarvon,AU,2022-01-27 05:06:53,-24.8667,113.6333,81.61,60,0,18.95
213,Yangshan,CN,2022-01-27 05:06:53,28.7615,115.0287,41.77,93,100,1.95
214,Riyadh,SA,2022-01-27 05:06:53,24.6877,46.7219,62.65,25,0,3.44
215,Gamba,GA,2022-01-27 05:06:54,-2.65,10.0,75.58,91,92,4.99
216,Fairbanks,US,2022-01-27 05:04:25,64.8378,-147.7164,-10.98,74,0,0.0
217,Guerrero Negro,MX,2022-01-27 05:06:54,27.9769,-114.0611,62.17,57,100,4.03
218,Los Llanos De Aridane,ES,2022-01-27 05:06:55,28.6585,-17.9182,55.15,74,75,8.99
219,Muros,ES,2022-01-27 05:06:55,42.7762,-9.0603,47.23,85,0,6.71
220,Dhari,IN,2022-01-27 05:06:56,21.3333,71.0167,66.16,33,0,12.68
221,Ushumun,RU,2022-01-27 05:06:56,52.7833,126.5333,4.93,68,4,10.47
222,Longyearbyen,SJ,2022-01-27 05:04:24,78.2186,15.6401,6.64,72,75,3.44
223,Mananjary,MG,2022-01-27 05:06:56,-21.2167,48.3333,76.5,74,31,2.19
224,Lavrentiya,RU,2022-01-27 05:06:57,65.5833,-171.0,-17.91,85,29,3.71
225,Winkler,CA,2022-01-27 05:02:25,49.1817,-97.941,30.92,88,100,15.35
226,Heidelberg,ZA,2022-01-27 05:06:57,-26.5048,28.3592,65.55,77,56,5.19
227,Rocha,UY,2022-01-27 05:04:32,-34.4833,-54.3333,65.46,70,98,15.55
228,Hobyo,SO,2022-01-27 05:06:58,5.3505,48.5268,76.33,64,50,16.06
229,Pontianak,ID,2022-01-27 05:06:58,-0.0333,109.3333,85.98,70,75,3.44
230,Isangel,VU,2022-01-27 05:07:59,-19.55,169.2667,83.7,77,100,4.63
231,Touros,BR,2022-01-27 05:07:59,-5.1989,-35.4608,76.1,81,99,8.79
232,San Lawrenz,MT,2022-01-27 05:08:00,36.0553,14.204,50.86,83,2,1.01
233,Belmonte,BR,2022-01-27 05:08:00,-15.8631,-38.8828,73.9,86,99,4.34
234,Caravelas,BR,2022-01-27 05:05:36,-17.7125,-39.2481,73.78,93,74,3.33
235,Bandarbeyla,SO,2022-01-27 05:08:01,9.4942,50.8122,73.96,67,93,14.92
236,Vaitape,PF,2022-01-27 05:08:01,-16.5167,-151.75,80.94,77,31,17.54
237,Quang Ngai,VN,2022-01-27 05:07:54,15.1167,108.8,80.02,64,76,5.35
238,Mityana,UG,2022-01-27 05:08:02,0.4175,32.0228,67.59,59,31,0.43
239,Chapleau,CA,2022-01-27 05:08:02,47.8405,-83.4034,13.51,88,100,19.48
240,Slave Lake,CA,2022-01-27 05:06:48,55.2834,-114.769,30.18,86,75,9.22
241,Mineiros,BR,2022-01-27 05:08:03,-17.5694,-52.5511,67.69,90,44,3.87
242,Klaksvik,FO,2022-01-27 05:08:03,62.2266,-6.589,36.52,65,100,29.51
243,Haines Junction,CA,2022-01-27 05:08:04,60.7522,-137.5108,15.6,96,100,1.25
244,Meadow Lake,US,2022-01-27 05:08:04,34.8014,-106.5436,35.11,62,1,5.32
245,Pisco,PE,2022-01-27 05:08:05,-13.7,-76.2167,68.05,77,0,11.5
246,Padang,ID,2022-01-27 05:08:05,-0.9492,100.3543,89.65,65,100,4.41
247,Port Hedland,AU,2022-01-27 05:08:05,-20.3167,118.5667,93.25,62,4,18.41
248,Dingle,PH,2022-01-27 05:03:35,10.9995,122.6711,86.4,69,95,9.64
249,Shiloh,US,2022-01-27 05:08:06,38.5614,-89.8973,24.87,47,1,8.34
250,Setermoen,NO,2022-01-27 05:08:06,68.861,18.3486,18.43,87,100,5.23
251,Severodvinsk,RU,2022-01-27 05:08:07,64.5635,39.8302,14.11,94,99,7.76
252,Kizukuri,JP,2022-01-27 05:08:07,40.8061,140.3861,32.85,63,99,18.86
253,Bose,IT,2022-01-27 05:08:08,45.4612,8.0137,47.73,47,15,1.9
254,Mangrol,IN,2022-01-27 05:08:08,21.1167,70.1167,68.54,34,0,10.58
255,Marcala,HN,2022-01-27 05:08:08,14.15,-88.0333,59.47,93,53,4.68
256,Kieta,PG,2022-01-27 05:08:09,-6.2167,155.6333,81.91,79,94,4.79
257,Tessalit,ML,2022-01-27 05:08:09,20.1986,1.0114,57.81,28,92,15.9
258,Kautokeino,NO,2022-01-27 05:08:10,69.0125,23.0412,3.25,98,100,1.59
259,Bolshaya Rechka,RU,2022-01-27 05:08:10,51.9503,104.7355,10.26,80,78,4.09
260,Mozelos,PT,2022-01-27 05:08:10,41.8677,-8.3978,45.88,67,1,5.21
261,Port Macquarie,AU,2022-01-27 05:07:45,-31.4333,152.9167,76.89,63,51,11.45
262,Zhangjiakou,CN,2022-01-27 05:03:13,40.81,114.8794,17.35,48,0,6.31
263,Brae,GB,2022-01-27 05:08:11,60.3964,-1.353,40.91,71,100,34.69
264,Ixtlahuacan Del Rio,MX,2022-01-27 05:08:12,20.8667,-103.25,61.59,45,100,1.83
265,Caxito,AO,2022-01-27 05:08:12,-8.5785,13.6643,77.65,87,100,1.63
266,Egvekinot,RU,2022-01-27 05:08:13,66.3167,-179.1667,-13.18,98,100,1.95
267,Khudumelapye,BW,2022-01-27 05:08:13,-23.8833,24.75,69.89,69,82,8.25
268,Timizart,DZ,2022-01-27 05:08:14,36.8,4.2667,44.24,62,62,5.79
269,Kenai,US,2022-01-27 05:08:14,60.5544,-151.2583,23.05,79,100,12.66
270,Yaan,NG,2022-01-27 05:08:15,7.3833,8.5667,70.66,24,11,3.47
271,Vallenar,CL,2022-01-27 05:08:15,-28.5708,-70.7581,67.08,67,0,3.04
272,Port Hardy,CA,2022-01-27 05:08:16,50.6996,-127.4199,38.75,75,97,4.03
273,Saint George,US,2022-01-27 05:08:16,37.1041,-113.5841,42.35,42,0,3.0
274,Pacific Grove,US,2022-01-27 05:08:17,36.6177,-121.9166,54.57,91,20,1.01
275,Sur,OM,2022-01-27 05:04:28,22.5667,59.5289,70.93,43,0,4.63
276,Chuy,UY,2022-01-27 05:09:17,-33.6971,-53.4616,69.21,84,87,17.27
277,Senanga,ZM,2022-01-27 05:09:18,-16.1167,23.2667,66.31,97,100,6.64
278,Borogontsy,RU,2022-01-27 05:09:18,62.6683,131.1683,-23.87,94,67,1.5
279,Memaliaj,AL,2022-01-27 05:09:19,40.3517,19.9803,36.09,66,0,1.41
280,Ginir,ET,2022-01-27 05:09:19,7.1333,40.7,59.29,29,2,1.95
281,Christchurch,NZ,2022-01-27 05:05:14,-43.5333,172.6333,64.94,54,40,7.0
282,Koroni,GR,2022-01-27 05:09:20,36.8,21.95,42.08,44,2,4.38
283,Aripuana,BR,2022-01-27 05:09:20,-9.1667,-60.6333,70.74,99,100,1.79
284,Makhinjauri,GE,2022-01-27 05:09:20,41.6739,41.694,37.26,93,75,19.57
285,Vanimo,PG,2022-01-27 05:09:21,-2.6741,141.3028,82.92,79,89,1.48
286,Novoagansk,RU,2022-01-27 05:09:21,61.9449,76.6625,-0.13,98,100,8.43
287,Acoyapa,NI,2022-01-27 05:09:22,11.9703,-85.1711,67.35,91,66,6.85
288,Beloha,MG,2022-01-27 05:09:22,-25.1667,45.05,77.14,61,1,9.46
289,Taxisco,GT,2022-01-27 05:09:22,14.0708,-90.4631,75.54,81,35,4.29
290,Joshimath,IN,2022-01-27 05:09:23,30.5667,79.5667,40.6,47,8,3.04
291,Narsaq,GL,2022-01-27 05:09:23,60.9167,-46.05,32.22,84,99,13.56
292,Ous,RU,2022-01-27 05:09:24,60.9058,61.5186,6.55,96,100,3.0
293,Nanjing,CN,2022-01-27 05:08:20,32.0617,118.7778,41.77,81,100,8.55
294,Thunder Bay,CA,2022-01-27 05:07:02,48.4001,-89.3168,20.98,81,100,10.87
295,Fortuna,US,2022-01-27 05:06:57,40.5982,-124.1573,44.92,95,100,1.01
296,Kletnya,RU,2022-01-27 05:09:25,53.3897,33.2171,8.38,98,100,4.63
297,Sitka,US,2022-01-27 05:06:38,57.0531,-135.33,33.69,86,0,5.75
298,Itaituba,BR,2022-01-27 05:09:25,-4.2761,-55.9836,72.77,100,100,2.86
299,Buford,US,2022-01-27 05:09:26,34.1207,-84.0043,39.11,55,0,0.0
300,Novorzhev,RU,2022-01-27 05:09:26,57.0294,29.3338,21.96,94,100,8.79
301,Juneau,US,2022-01-27 05:09:26,58.3019,-134.4197,37.85,95,100,0.0
302,Bouar,CF,2022-01-27 05:09:27,5.934,15.596,64.78,24,96,6.78
303,Havelock,US,2022-01-27 05:09:27,34.8791,-76.9013,33.93,65,0,5.01
304,Seybaplaya,MX,2022-01-27 05:09:28,19.65,-90.6667,72.36,86,2,12.88
305,Ambilobe,MG,2022-01-27 05:09:28,-13.2,49.05,77.77,83,85,1.68
306,Santa Cruz De La Palma,ES,2022-01-27 05:09:29,28.6835,-17.7642,59.14,67,75,11.5
307,Sandwick,GB,2022-01-27 05:09:29,60.0,-1.25,40.82,81,100,35.68
308,Bara,NG,2022-01-27 05:09:29,10.3744,10.7288,59.9,32,29,8.23
309,Henties Bay,NA,2022-01-27 05:09:30,-22.116,14.2845,66.85,89,99,3.04
310,Alpena,US,2022-01-27 05:09:30,45.0617,-83.4327,15.12,68,0,8.01
311,Eureka,US,2022-01-27 05:05:10,40.8021,-124.1637,45.19,92,0,1.01
312,Cody,US,2022-01-27 05:09:31,44.5263,-109.0565,30.42,45,100,6.91
313,Kandi,BJ,2022-01-27 05:09:31,11.1342,2.9386,64.8,22,0,6.98
314,Vondrozo,MG,2022-01-27 05:09:32,-22.8167,47.2833,69.69,83,89,1.92
315,Kutum,SD,2022-01-27 05:09:32,14.2,24.6667,47.08,32,99,10.45
316,Kolvereid,NO,2022-01-27 05:09:33,64.8655,11.6047,36.63,98,100,6.22
317,Nelson Bay,AU,2022-01-27 05:09:33,-32.7167,152.15,81.75,62,0,4.0
318,Burladingen,DE,2022-01-27 05:09:33,48.2833,9.1167,26.49,91,71,2.59
319,Puerto Cabezas,NI,2022-01-27 05:09:34,14.0351,-83.3888,73.72,82,64,7.61
320,Laguna,US,2022-01-27 05:09:34,38.421,-121.4238,53.31,78,0,3.44
321,San Cristobal,VE,2022-01-27 05:08:09,7.7669,-72.225,69.98,86,96,1.48
322,Arman,RU,2022-01-27 05:09:35,59.7,150.1667,-2.99,79,100,10.16
323,Forestville,US,2022-01-27 05:09:35,38.8451,-76.875,24.28,57,0,0.0
324,Gadwal,IN,2022-01-27 05:06:16,16.2333,77.8,76.24,35,44,12.8
325,Mercedes,AR,2022-01-27 05:10:36,-34.6515,-59.4307,58.86,68,8,13.06
326,Namibe,AO,2022-01-27 05:10:36,-15.1961,12.1522,75.45,83,100,1.48
327,Komsomolskiy,UZ,2022-01-27 05:10:37,40.4272,71.7189,35.02,55,0,4.61
328,Saskylakh,RU,2022-01-27 05:10:37,71.9167,114.0833,-13.34,91,43,5.7
329,Puerto Carreno,CO,2022-01-27 05:10:37,6.189,-67.4859,79.75,43,56,6.8
330,Burkburnett,US,2022-01-27 05:10:38,34.0979,-98.5706,30.65,91,100,9.22
331,Bonavista,CA,2022-01-27 05:10:38,48.6499,-53.1147,29.12,69,100,20.22
332,Clyde River,CA,2022-01-27 05:10:39,70.4692,-68.5914,-10.97,77,100,12.66
333,Pundaguitan,PH,2022-01-27 05:10:39,6.3711,126.1689,81.28,77,94,10.13
334,Belaya Gora,RU,2022-01-27 05:10:40,68.5333,146.4167,-36.29,99,13,5.64
335,Port Keats,AU,2022-01-27 05:10:40,-14.25,129.55,85.24,72,100,13.22
336,Honiara,SB,2022-01-27 05:10:40,-9.4333,159.95,80.65,82,100,7.05
337,Bilma,NE,2022-01-27 05:10:41,18.6853,12.9164,49.26,44,5,8.39
338,Paita,PE,2022-01-27 05:10:41,-5.0892,-81.1144,70.93,80,83,10.0
339,Talaya,RU,2022-01-27 05:10:42,61.3833,152.75,-30.91,99,100,1.63
340,Mahebourg,MU,2022-01-27 05:10:42,-20.4081,57.7,83.25,65,75,5.75
341,Solnechnyy,RU,2022-01-27 05:09:22,50.7214,136.6319,4.19,91,100,4.34
342,Majene,ID,2022-01-27 05:10:43,-3.5403,118.9707,85.57,68,100,6.93
343,Manicore,BR,2022-01-27 05:10:43,-5.8092,-61.3003,70.83,100,98,0.67
344,Teguldet,RU,2022-01-27 05:10:44,57.3064,88.1667,7.38,94,94,3.8
345,Cozumel,MX,2022-01-27 05:09:15,20.5083,-86.9458,75.94,90,40,7.9
346,Las Vegas,US,2022-01-27 05:10:25,36.175,-115.1372,47.68,32,0,6.91
347,Muisne,EC,2022-01-27 05:10:44,0.6,-80.0333,75.52,88,63,1.61
348,Seymchan,RU,2022-01-27 05:10:45,62.8833,152.4333,-34.06,100,72,1.01
349,Laem Sing,TH,2022-01-27 05:10:45,12.4816,102.0738,93.52,86,15,5.32
350,Burnie,AU,2022-01-27 05:10:46,-41.0667,145.9167,67.91,98,100,10.89
351,Gohpur,IN,2022-01-27 05:10:46,26.8833,93.6333,68.32,50,92,5.14
352,Puerto Escondido,MX,2022-01-27 05:10:46,15.85,-97.0667,77.83,69,20,0.0
353,Saldanha,ZA,2022-01-27 05:10:47,-33.0117,17.9442,64.54,90,0,10.63
354,Rosarito,MX,2022-01-27 05:10:47,32.3333,-117.0333,57.09,57,3,1.23
355,Mukhen,RU,2022-01-27 05:10:48,48.1,136.1,9.97,83,100,6.11
356,Soyo,AO,2022-01-27 05:10:48,-6.1349,12.3689,76.69,88,81,5.23
357,Rorvik,NO,2022-01-27 05:10:48,64.8621,11.2373,37.51,100,75,9.22
358,Makakilo City,US,2022-01-27 05:10:49,21.3469,-158.0858,73.72,66,0,4.61
359,Prince Rupert,CA,2022-01-27 05:10:49,54.3161,-130.3201,33.94,81,96,4.7
360,Bandundu,CD,2022-01-27 05:10:50,-3.3167,17.3667,69.64,91,100,3.53
361,Araouane,ML,2022-01-27 05:10:50,18.9048,-3.5265,63.0,16,91,9.95
362,Ujhartyan,HU,2022-01-27 05:10:51,47.2198,19.3864,36.3,85,94,11.45
363,Richards Bay,ZA,2022-01-27 05:10:51,-28.783,32.0377,77.25,82,52,9.01
364,Star,US,2022-01-27 05:10:52,43.6921,-116.4935,31.01,93,100,6.91
365,Ambon,ID,2022-01-27 05:10:52,-3.6954,128.1814,89.74,70,20,6.91
366,Jalu,LY,2022-01-27 05:10:52,29.0331,21.5482,50.13,64,85,7.72
367,Ak-Dovurak,RU,2022-01-27 05:10:53,51.1833,90.6,-3.39,92,100,0.83
368,Male,MV,2022-01-27 05:10:53,4.1748,73.5089,79.95,67,95,11.72
369,Harrogate,GB,2022-01-27 05:10:54,53.9908,-1.5373,50.65,88,100,11.99
370,Tual,ID,2022-01-27 05:10:54,-5.6667,132.75,84.52,74,74,6.35
371,Ardakan,IR,2022-01-27 05:11:55,32.31,54.0175,57.58,38,8,3.36
372,Morondava,MG,2022-01-27 05:11:55,-20.2833,44.2833,79.23,79,2,4.0
373,Oranjemund,NA,2022-01-27 05:11:55,-28.55,16.4333,63.93,86,92,15.03
374,Yerbogachen,RU,2022-01-27 05:11:56,61.2767,108.0108,-5.21,95,99,5.48
375,Tilichiki,RU,2022-01-27 05:11:56,60.4667,166.1,25.74,87,100,15.05
376,Podor,MR,2022-01-27 05:11:56,16.6527,-14.9587,69.28,39,95,11.21
377,Skjervoy,NO,2022-01-27 05:11:57,70.0311,20.9714,19.4,65,100,3.62
378,Krechevitsy,RU,2022-01-27 05:11:57,58.617,31.401,18.37,94,100,11.5
379,Ziro,IN,2022-01-27 05:11:58,27.6333,93.8333,38.82,90,98,1.54
380,Maniitsoq,GL,2022-01-27 05:11:58,65.4167,-52.9,13.37,90,100,4.18
381,Tura,IN,2022-01-27 05:11:58,25.5198,90.2201,65.37,59,36,5.01
382,Gerede,TR,2022-01-27 05:11:59,40.8008,32.1969,6.85,97,99,4.74
383,Eidsvag,NO,2022-01-27 05:11:59,62.7767,8.0668,38.05,98,100,3.33
384,Salalah,OM,2022-01-27 05:12:00,17.0151,54.0924,71.69,64,20,2.3
385,Coihaique,CL,2022-01-27 05:12:00,-45.5752,-72.0662,54.21,76,0,3.44
386,Simbahan,PH,2022-01-27 05:12:00,6.3032,120.5836,82.33,80,97,12.55
387,Adre,TD,2022-01-27 05:12:01,13.4667,22.2,54.64,28,23,21.7
388,Alta Floresta,BR,2022-01-27 05:12:01,-9.8756,-56.0861,70.39,99,100,2.62
389,Mandali,IQ,2022-01-27 05:12:02,33.7499,45.5541,48.94,61,12,6.78
390,Saint-Louis,SN,2022-01-27 05:12:02,16.3333,-15.0,67.82,40,88,11.01
391,Lhokseumawe,ID,2022-01-27 05:12:02,5.1801,97.1507,84.45,67,34,4.9
392,Waipawa,NZ,2022-01-27 05:12:03,-41.4122,175.5153,61.45,54,50,17.34
393,Kloulklubed,PW,2022-01-27 05:12:03,7.0419,134.2556,84.7,81,100,16.42
394,Suhbaatar,MN,2022-01-27 05:12:04,50.2314,106.2078,-2.54,88,46,3.83
395,Mezhdurechensk,RU,2022-01-27 05:12:04,53.6942,88.0603,17.24,80,99,6.06
396,Macamic,CA,2022-01-27 05:12:04,48.7502,-78.9996,9.28,85,100,20.07
397,Kashihara,JP,2022-01-27 05:12:05,34.509,135.7929,51.49,50,98,6.8
398,San Policarpo,PH,2022-01-27 05:12:05,12.1791,125.5072,82.33,74,68,13.73
399,Jeremie,HT,2022-01-27 05:12:06,18.65,-74.1167,75.76,79,4,2.48
400,Srednyaya Akhtuba,RU,2022-01-27 05:12:06,48.7089,44.8667,22.66,97,95,4.23
401,Benghazi,LY,2022-01-27 05:12:06,32.1167,20.0667,54.64,61,100,12.97
402,Pevek,RU,2022-01-27 05:12:07,69.7008,170.3133,-32.03,98,28,2.8
403,Bera,BD,2022-01-27 05:12:07,24.0833,89.6167,68.4,52,40,9.04
404,Nacala,MZ,2022-01-27 05:12:08,-14.5428,40.6728,76.8,88,100,4.09
405,Helmstedt,DE,2022-01-27 05:12:08,52.2279,11.0099,39.15,80,100,22.03
406,Acarau,BR,2022-01-27 05:12:08,-2.8856,-40.12,77.27,86,100,10.65
407,Rabat,MA,2022-01-27 05:11:52,33.9911,-6.8401,55.04,93,98,3.44
408,Shakawe,BW,2022-01-27 05:12:09,-18.3667,21.85,66.72,92,100,5.28
409,Batagay-Alyta,RU,2022-01-27 05:12:09,67.8006,130.4114,-13.7,88,80,5.37
410,Booue,GA,2022-01-27 05:12:10,-0.0921,11.9385,71.89,97,75,2.21
411,Imbituba,BR,2022-01-27 05:12:10,-28.24,-48.6703,80.49,89,93,8.43
412,Uvat,RU,2022-01-27 05:12:10,59.1433,68.8953,10.83,86,100,9.75
413,Ishigaki,JP,2022-01-27 05:12:11,24.3448,124.1572,71.24,71,50,6.08
414,Mitsamiouli,KM,2022-01-27 05:12:11,-11.3847,43.2844,80.85,73,86,3.85
415,Codrington,AU,2022-01-27 05:12:12,-38.2667,141.9667,74.43,88,58,2.82
416,Fort Nelson,CA,2022-01-27 05:12:12,58.8053,-122.7002,14.74,99,100,1.32
417,San Patricio,US,2022-01-27 05:12:13,28.017,-97.5169,55.81,78,91,10.07
418,Candolim,IN,2022-01-27 05:12:13,15.5181,73.7626,77.36,48,2,4.88
419,Vozhega,RU,2022-01-27 05:13:13,60.4725,40.2213,3.78,98,100,4.27
420,Junin,AR,2022-01-27 05:10:34,-34.5838,-60.9433,57.83,62,1,10.98
421,Mayo,US,2022-01-27 05:13:14,38.8876,-76.5119,25.95,61,0,4.56
422,Tandil,AR,2022-01-27 05:13:14,-37.3217,-59.1332,50.81,80,0,6.62
423,Udachnyy,RU,2022-01-27 05:13:15,66.4167,112.4,-8.21,86,42,3.91
424,Carutapera,BR,2022-01-27 05:13:15,-1.195,-46.02,74.44,95,100,3.87
425,Bethel,US,2022-01-27 05:13:15,41.3712,-73.414,19.04,65,0,0.0
426,Kremenki,RU,2022-01-27 05:13:16,54.885,37.1261,11.3,99,100,3.56
427,Genc,TR,2022-01-27 05:13:16,38.7507,40.5603,32.36,100,100,9.22
428,Shasta Lake,US,2022-01-27 05:13:17,40.6804,-122.3708,48.81,55,0,5.82
429,Quatre Cocos,MU,2022-01-27 05:13:17,-20.2078,57.7625,83.08,63,21,12.01
430,Mareeba,AU,2022-01-27 05:13:17,-17.0,145.4333,83.12,92,99,2.55
431,Sarkand,KZ,2022-01-27 05:13:18,45.41,79.9186,25.18,68,100,0.47
432,Ankazoabo,MG,2022-01-27 05:13:18,-22.2833,44.5167,79.03,52,0,4.07
433,Smithers,CA,2022-01-27 05:13:19,54.7804,-127.1743,19.65,98,100,0.45
434,Zalantun,CN,2022-01-27 05:13:19,48.0,122.7167,12.36,68,23,10.83
435,Sao Sebastiao,BR,2022-01-27 05:13:20,-23.76,-45.4097,77.29,81,74,5.7
436,Mandurah,AU,2022-01-27 05:13:21,-32.55,115.7,86.22,55,0,21.07
437,Chicama,PE,2022-01-27 05:13:21,-7.8447,-79.1469,66.74,75,95,4.99
438,Praia Da Vitoria,PT,2022-01-27 05:13:21,38.7333,-27.0667,57.76,86,49,11.25
439,Zarichne,UA,2022-01-27 05:13:22,51.8126,26.129,32.54,97,100,11.43
440,Sinazongwe,ZM,2022-01-27 05:13:22,-17.2614,27.4618,73.17,90,100,9.73
441,San Alberto,CO,2022-01-27 05:13:23,7.7611,-73.3922,74.95,87,97,4.12
442,Sar-E Pul,AF,2022-01-27 05:13:23,35.8333,66.1667,37.71,39,0,7.2
443,Alyangula,AU,2022-01-27 05:13:23,-13.8483,136.4192,88.81,61,100,6.44
444,Klyuchi,RU,2022-01-27 05:13:24,52.2667,79.1667,2.41,97,99,5.37
445,Hede,CN,2022-01-27 05:13:24,33.7681,120.2517,41.81,58,100,13.49
446,Asekeyevo,RU,2022-01-27 05:13:25,53.5742,52.7972,4.35,98,97,6.29
447,Garbolovo,RU,2022-01-27 05:13:25,60.3413,30.4955,24.17,94,100,9.4
448,Kalmunai,LK,2022-01-27 05:13:25,7.4167,81.8167,80.38,62,92,10.13
449,Sawakin,SD,2022-01-27 05:13:26,19.1059,37.3321,68.63,56,84,16.35
450,Ostrovnoy,RU,2022-01-27 05:13:26,68.0531,39.5131,14.68,94,88,20.8
451,Akniste,LV,2022-01-27 05:13:27,56.1615,25.7478,33.51,93,100,8.61
452,Bloomington,US,2022-01-27 05:13:27,44.8408,-93.2983,30.51,78,100,1.99
453,Nuevo Casas Grandes,MX,2022-01-27 05:13:27,30.4167,-107.9167,47.52,38,54,2.28
454,Arzgir,RU,2022-01-27 05:13:28,45.3728,44.2206,29.37,87,99,3.6
455,Nueva Londres,PY,2022-01-27 05:13:28,-25.4045,-56.5498,75.25,86,39,1.99
456,Cabo San Lucas,MX,2022-01-27 05:11:58,22.8909,-109.9124,68.5,67,4,4.54
457,Souillac,MU,2022-01-27 05:13:29,-20.5167,57.5167,83.35,65,75,5.75
458,Lagoa,PT,2022-01-27 05:13:29,39.05,-27.9833,58.68,79,40,10.49
459,Kuching,MY,2022-01-27 05:13:30,1.55,110.3333,82.62,78,40,6.91
460,Clarence Town,AU,2022-01-27 05:13:30,-32.5833,151.7833,81.61,39,12,9.15
461,Eydhafushi,MV,2022-01-27 05:13:30,5.1033,73.0708,79.29,64,100,11.14
462,Okhotsk,RU,2022-01-27 05:09:19,59.3833,143.3,-1.66,79,100,16.75
463,Ilam,NP,2022-01-27 05:13:31,26.9167,87.9167,56.12,49,4,5.57
464,Monkey Bay,MW,2022-01-27 05:13:31,-14.0728,34.9201,74.16,86,100,6.11
465,Satellite Beach,US,2022-01-27 05:14:32,28.1761,-80.5901,66.22,94,100,1.01
466,Murray Bridge,AU,2022-01-27 05:14:32,-35.1167,139.2667,99.82,37,3,9.91
467,Vardo,NO,2022-01-27 05:14:33,70.3705,31.1107,16.0,73,100,11.5
468,Ouango,CF,2022-01-27 05:14:33,4.3133,22.5552,66.22,40,57,2.55
469,Kandrian,PG,2022-01-27 05:14:34,-6.2167,149.55,87.96,65,100,9.1
470,Mbanza-Ngungu,CD,2022-01-27 05:14:34,-5.25,14.8667,63.64,95,72,3.18
471,Xuddur,SO,2022-01-27 05:14:34,4.1213,43.8894,70.05,65,51,20.38
472,Kamenka,RU,2022-01-27 05:14:35,51.3223,42.7678,6.37,98,98,4.72
473,Champoton,MX,2022-01-27 05:14:35,19.35,-90.7167,73.17,85,3,10.63
474,Devonport,AU,2022-01-27 05:14:36,-41.1667,146.35,68.09,98,100,9.55
475,Sept-Iles,CA,2022-01-27 05:14:36,50.2001,-66.3821,-12.95,73,0,2.3
476,Doha,QA,2022-01-27 05:13:12,25.2867,51.5333,66.18,94,40,9.22
477,Tiznit,MA,2022-01-27 05:14:37,29.5833,-9.5,49.71,69,51,9.33
478,Kambove,CD,2022-01-27 05:14:37,-10.8764,26.5969,61.61,95,100,4.99
479,Parrita,CR,2022-01-27 05:14:38,9.5201,-84.3225,78.57,71,54,4.74
480,Marawi,PH,2022-01-27 05:14:38,7.9986,124.2928,74.64,78,60,3.02
481,Amberley,US,2022-01-27 05:14:38,39.2048,-84.428,16.3,71,0,1.01
482,Pangnirtung,CA,2022-01-27 05:11:16,66.1451,-65.7125,-25.67,92,100,6.02
483,Liepaja,LV,2022-01-27 05:14:39,56.5419,21.0367,39.25,93,75,11.5
484,Alofi,NU,2022-01-27 05:14:39,-19.0595,-169.9187,82.29,78,20,6.91
485,Cap-Chat,CA,2022-01-27 05:14:40,49.1001,-66.6821,-11.2,70,56,11.5
486,Chesma,RU,2022-01-27 05:14:40,53.8111,60.6533,15.75,90,100,10.58
487,Charters Towers,AU,2022-01-27 05:14:41,-20.1,146.2667,77.7,79,100,6.85
488,Jardim,BR,2022-01-27 05:14:41,-21.4803,-56.1381,74.5,86,100,4.85
489,Le Port,RE,2022-01-27 05:14:41,-20.9373,55.2919,82.36,60,11,1.83
490,Dolores,AR,2022-01-27 05:14:02,-36.3132,-57.6792,53.06,77,3,8.34
491,Rawson,AR,2022-01-27 05:14:42,-43.3002,-65.1023,61.12,61,0,10.45
492,Ilulissat,GL,2022-01-27 05:14:42,69.2167,-51.1,12.22,57,100,26.46
493,Uyemskiy,RU,2022-01-27 05:14:43,64.4743,40.8524,15.85,86,100,4.47
494,Qaqortoq,GL,2022-01-27 05:14:43,60.7167,-46.0333,32.5,90,98,15.52
495,Shibetsu,JP,2022-01-27 05:14:43,43.659,145.132,25.5,63,75,13.8
496,Tha Maka,TH,2022-01-27 05:14:44,13.9,99.7667,94.89,36,17,0.78
497,Hvolsvollur,IS,2022-01-27 05:14:44,63.7533,-20.2243,24.82,80,58,4.61
498,Plastun,RU,2022-01-27 05:14:45,44.7561,136.2939,22.26,50,1,9.51
499,Sakakah,SA,2022-01-27 05:14:45,29.9697,40.2064,42.37,62,6,19.44
500,Santa Catarina De Tepehuanes,MX,2022-01-27 05:14:45,25.35,-105.7333,46.94,47,40,4.45
501,Hambantota,LK,2022-01-27 05:14:46,6.1241,81.1185,80.83,58,100,10.74
502,Yeppoon,AU,2022-01-27 05:14:46,-23.1333,150.7333,76.78,67,97,14.7
503,Goma,CD,2022-01-27 05:14:47,-1.6792,29.2228,64.74,73,85,3.24
504,Jiayuguan,CN,2022-01-27 05:14:47,39.8167,98.3,24.19,32,100,2.73
505,Kirakira,SB,2022-01-27 05:14:48,-10.4544,161.9205,77.92,89,100,8.14
506,Dryden,CA,2022-01-27 05:14:48,49.7833,-92.7503,16.09,79,100,13.8
507,Santa Isabel,BR,2022-01-27 05:10:25,-23.3156,-46.2214,74.5,94,65,3.47
508,Ullapool,GB,2022-01-27 05:14:49,57.8987,-5.1604,44.35,85,83,17.05
509,Chiang Klang,TH,2022-01-27 05:15:49,19.2938,100.8617,81.73,32,5,3.53
510,Adra,ES,2022-01-27 05:15:50,36.7496,-3.0206,58.86,69,98,10.25
511,Sibolga,ID,2022-01-27 05:15:50,1.7427,98.7792,85.39,61,78,4.65
512,Kuala Terengganu,MY,2022-01-27 05:15:50,5.3302,103.1408,85.95,70,40,4.61
513,Sumbe,AO,2022-01-27 05:15:51,-11.2061,13.8437,75.6,86,100,2.15
514,Mildura,AU,2022-01-27 05:15:51,-34.2,142.15,100.08,32,40,9.22
515,Xining,CN,2022-01-27 05:15:51,36.6167,101.7667,18.55,82,100,3.74
516,Cherskiy,RU,2022-01-27 05:15:52,68.75,161.3,-42.7,98,34,4.94
517,Soe,ID,2022-01-27 05:15:52,-9.8607,124.284,82.53,58,72,5.84
518,Ozernovskiy,RU,2022-01-27 05:15:53,51.5,156.5167,18.0,93,81,11.83
519,Rehoboth,NA,2022-01-27 05:15:53,-23.3167,17.0833,75.13,40,74,3.76
520,Nome,US,2022-01-27 05:15:54,64.5011,-165.4064,-18.33,76,0,4.61
521,Santa Rosa,PH,2022-01-27 05:11:23,14.3122,121.1114,88.11,69,67,14.79
522,Lufilufi,WS,2022-01-27 05:15:54,-13.8745,-171.5986,77.79,77,35,13.47
523,Bundaberg,AU,2022-01-27 05:15:55,-24.85,152.35,82.22,64,100,3.0
524,Vangazi,LV,2022-01-27 05:15:55,57.0936,24.5486,35.38,98,100,8.21
525,Kholtoson,RU,2022-01-27 05:15:56,50.2981,103.3097,8.98,70,25,2.82
526,Inhambane,MZ,2022-01-27 05:15:56,-23.865,35.3833,82.38,83,40,9.22
527,Lakshettipet,IN,2022-01-27 05:15:56,18.8667,79.2167,70.93,30,0,8.43
528,Mana,GF,2022-01-27 05:15:57,5.6592,-53.7767,74.59,88,43,5.14
529,Bonfim,BR,2022-01-27 05:15:57,3.0833,-59.95,77.81,68,63,8.16
530,Belyy Yar,RU,2022-01-27 05:15:58,53.6039,91.3903,4.89,85,100,0.0
531,Baykit,RU,2022-01-27 05:15:58,61.67,96.37,-9.49,99,69,1.3
532,Kemijarvi,FI,2022-01-27 05:15:58,66.7131,27.4306,13.17,99,100,2.42
533,Plettenberg Bay,ZA,2022-01-27 05:15:59,-34.0527,23.3716,66.7,92,65,2.91
534,Linjiang,CN,2022-01-27 05:15:59,41.8069,126.9078,20.59,64,54,2.46
535,Amapa,BR,2022-01-27 05:12:52,1.0,-52.0,69.93,99,72,1.72
536,Puerto Del Rosario,ES,2022-01-27 05:16:00,28.5004,-13.8627,62.35,72,39,10.36
537,Otradnoye,RU,2022-01-27 05:16:00,59.7775,30.8181,25.88,94,100,10.02
538,Takoradi,GH,2022-01-27 05:16:01,4.8845,-1.7554,77.09,89,3,3.27
539,Khasan,RU,2022-01-27 05:16:01,42.4308,130.6434,23.94,47,0,17.85
540,Deep River,CA,2022-01-27 05:15:48,46.1001,-77.4995,-5.06,97,65,6.64
541,Kaa-Khem,RU,2022-01-27 05:16:02,51.6833,94.7333,-6.39,96,100,2.19
542,Ulaanbaatar,MN,2022-01-27 05:14:07,47.9077,106.8832,-2.07,71,3,2.24
543,Husavik,IS,2022-01-27 05:16:03,66.0449,-17.3389,31.91,78,100,4.12
544,Nexo,DK,2022-01-27 05:16:03,55.0607,15.1306,41.09,93,100,34.14
545,Hovd,MN,2022-01-27 05:16:04,48.0056,91.6419,-5.6,83,98,3.4
546,Carmo Do Rio Claro,BR,2022-01-27 05:16:04,-20.9719,-46.1189,67.03,92,95,1.83
547,Kavaratti,IN,2022-01-27 05:16:05,10.5669,72.642,77.61,68,93,11.7
548,Balkhash,KZ,2022-01-27 05:16:05,46.844,74.9804,-1.59,84,0,11.18
549,Woodward,US,2022-01-27 05:16:06,36.4337,-99.3904,22.23,94,0,12.66
550,Kassala,SD,2022-01-27 05:16:06,15.451,36.4,69.37,77,63,14.65
551,Mtwara,TZ,2022-01-27 05:16:06,-10.2667,40.1833,80.26,78,100,8.23
552,Chissamba,AO,2022-01-27 05:16:07,-12.1667,17.3333,61.43,93,100,2.01
553,Vernon,CA,2022-01-27 05:12:02,50.2581,-119.2691,18.77,97,32,1.14
554,Shieli,KZ,2022-01-27 05:16:08,44.1667,66.75,31.71,65,3,5.26
555,Luwuk,ID,2022-01-27 05:16:08,-0.9516,122.7875,87.24,70,95,1.59
556,Road Town,VG,2022-01-27 05:13:12,18.4167,-64.6167,75.99,73,0,13.0
557,La Ronge,CA,2022-01-27 05:17:08,55.1001,-105.2842,-0.15,71,0,6.91
558,Half Moon Bay,US,2022-01-27 05:17:09,37.4636,-122.4286,56.62,77,0,0.0
559,Saint Anthony,US,2022-01-27 05:15:30,45.0205,-93.218,30.31,77,100,4.0
560,Kaya,BF,2022-01-27 05:17:09,13.0917,-1.0844,64.27,15,7,10.78
561,Novyy Urgal,RU,2022-01-27 05:17:10,51.0736,132.5642,-3.06,89,99,1.63
562,Yatou,CN,2022-01-27 05:17:10,37.15,122.3833,34.3,44,54,16.93
563,Surin,TH,2022-01-27 05:17:11,14.8818,103.4936,95.92,34,18,5.37
564,Innisfail,AU,2022-01-27 05:15:48,-17.5333,146.0333,78.94,89,100,0.72
565,Meulaboh,ID,2022-01-27 05:17:11,4.1363,96.1285,84.69,65,27,3.98
566,Fort-Shevchenko,KZ,2022-01-27 05:17:12,44.5086,50.263,38.03,70,100,7.07
567,Wuning,CN,2022-01-27 05:17:12,29.2589,120.2311,44.6,91,100,3.98
568,Lompoc,US,2022-01-27 05:14:15,34.6391,-120.4579,53.92,75,0,5.01
569,Yulara,AU,2022-01-27 05:17:13,-25.2406,130.9889,100.24,25,53,6.91
570,Kaka,TM,2022-01-27 05:17:13,37.3482,59.6143,51.19,30,54,4.0
571,Agadez,NE,2022-01-27 05:17:13,19.75,10.25,46.38,48,13,9.33
572,Maan,PH,2022-01-27 05:17:14,5.9339,124.7356,85.96,71,44,5.17
573,Chingirlau,KZ,2022-01-27 05:17:14,51.095,54.0814,3.04,100,97,4.41
574,Port Moresby,PG,2022-01-27 05:17:15,-9.4431,147.1797,86.34,63,94,9.08
575,San Carlos,VE,2022-01-27 05:17:15,9.6612,-68.5827,69.51,67,15,4.47
576,Tadine,NC,2022-01-27 05:17:16,-21.55,167.8833,78.28,84,97,3.53
577,Newport,GB,2022-01-27 05:15:48,51.5877,-2.9984,49.24,92,100,1.99
578,Concepcion,CL,2022-01-27 05:13:02,-36.827,-73.0498,58.8,94,100,6.91
579,Awjilah,LY,2022-01-27 05:17:16,29.1081,21.2869,50.22,63,98,8.01
580,Acajutla,SV,2022-01-27 05:17:17,13.5928,-89.8275,74.8,80,36,6.44
581,Boyolangu,ID,2022-01-27 05:17:17,-8.1181,111.8935,85.03,70,96,5.3
582,Mambolo,SL,2022-01-27 05:17:17,8.9231,-13.0444,79.09,92,28,1.34
583,San Carlos De Bariloche,AR,2022-01-27 05:17:18,-41.1456,-71.3082,65.95,45,20,3.44
584,Olovyannaya,RU,2022-01-27 05:17:18,50.95,115.5667,-1.48,88,63,3.51
585,Chapais,CA,2022-01-27 05:17:19,49.7834,-74.8492,-9.62,85,71,14.14
586,Bitburg,DE,2022-01-27 05:17:19,49.9667,6.5333,33.48,77,100,8.05
587,Tecoanapa,MX,2022-01-27 05:17:19,16.5167,-98.75,74.84,84,1,4.5
588,Rio Gallegos,AR,2022-01-27 05:17:20,-51.6226,-69.2181,53.65,62,0,14.97
589,Cairns,AU,2022-01-27 05:17:20,-16.9167,145.7667,87.75,66,100,8.05
590,Goderich,CA,2022-01-27 05:17:21,43.7501,-81.7165,16.12,67,96,20.71
