City_ID,City,Country,Date,Lat,Lng,Max Temp,Humidity,Cloudiness,Wind Speed,Current Description
0,Mataura,NZ,2022-01-29 18:35:16,-46.1927,168.8643,61.48,96,100,1.88,overcast clouds
1,Artigas,UY,2022-01-29 18:35:16,-30.4,-56.4667,91.27,18,0,12.53,clear sky
2,Jamestown,US,2022-01-29 18:35:17,42.097,-79.2353,17.53,44,20,4.0,few clouds
3,Busselton,AU,2022-01-29 18:35:17,-33.65,115.3333,66.04,89,0,15.55,clear sky
4,Rikitea,PF,2022-01-29 18:35:18,-23.1203,-134.9692,77.29,74,100,12.8,light rain
5,Olafsvik,IS,2022-01-29 18:30:34,64.8945,-23.7142,38.41,70,100,27.18,overcast clouds
6,Kavaratti,IN,2022-01-29 18:35:18,10.5669,72.642,80.85,73,72,6.06,broken clouds
7,Batagay-Alyta,RU,2022-01-29 18:35:19,67.8006,130.4114,-19.48,95,58,5.14,broken clouds
8,Athabasca,CA,2022-01-29 18:31:04,54.7169,-113.2854,35.42,89,17,3.24,few clouds
9,Ushuaia,AR,2022-01-29 18:32:15,-54.8,-68.3,55.06,76,75,13.8,drizzle
10,Gurkovo,BG,2022-01-29 18:35:20,42.6667,25.8,33.84,80,56,4.36,broken clouds
11,Puerto Del Rosario,ES,2022-01-29 18:35:20,28.5004,-13.8627,65.88,82,0,4.61,haze
12,Kapaa,US,2022-01-29 18:35:20,22.0752,-159.319,73.72,89,100,10.36,overcast clouds
13,Tuktoyaktuk,CA,2022-01-29 18:30:27,69.4541,-133.0374,-9.4,77,75,12.66,light snow
14,Quballat,TN,2022-01-29 18:35:21,36.5418,9.6633,50.49,91,22,5.35,few clouds
15,San Ignacio,BZ,2022-01-29 18:35:21,17.1561,-89.0714,71.74,73,75,6.91,broken clouds
16,Punta Arenas,CL,2022-01-29 18:35:22,-53.15,-70.9167,53.71,62,75,14.97,light rain
17,Korla,CN,2022-01-29 18:35:22,41.7597,86.1469,23.61,56,100,4.79,overcast clouds
18,Saskylakh,RU,2022-01-29 18:30:34,71.9167,114.0833,-21.53,98,100,3.49,overcast clouds
19,Barrow,US,2022-01-29 18:35:23,71.2906,-156.7887,-9.38,77,100,13.8,overcast clouds
20,Puerto Ayora,EC,2022-01-29 18:35:23,-0.7393,-90.3518,80.56,69,17,9.64,few clouds
21,Hermanus,ZA,2022-01-29 18:35:24,-34.4187,19.2345,68.81,71,1,15.86,clear sky
22,Lebu,CL,2022-01-29 18:35:24,-37.6167,-73.65,64.9,74,3,8.52,clear sky
23,Khatanga,RU,2022-01-29 18:35:24,71.9667,102.5,-4.16,99,100,5.01,overcast clouds
24,Evanston,US,2022-01-29 18:31:05,42.0411,-87.6901,23.47,55,100,1.99,overcast clouds
25,Egvekinot,RU,2022-01-29 18:35:25,66.3167,-179.1667,-4.54,65,13,2.68,few clouds
26,Carnarvon,AU,2022-01-29 18:35:25,-24.8667,113.6333,73.47,94,67,6.91,broken clouds
27,Saint-Philippe,RE,2022-01-29 18:33:09,-21.3585,55.7679,80.15,84,56,9.51,broken clouds
28,Ribeira Grande,PT,2022-01-29 18:35:26,38.5167,-28.7,63.0,63,20,6.91,few clouds
29,Hobart,AU,2022-01-29 18:33:59,-42.8794,147.3294,60.66,72,100,8.05,overcast clouds
30,Yeppoon,AU,2022-01-29 18:35:27,-23.1333,150.7333,74.98,84,99,13.42,overcast clouds
31,Avarua,CK,2022-01-29 18:32:36,-21.2078,-159.775,78.85,89,20,5.75,few clouds
32,Georgetown,MY,2022-01-29 18:35:28,5.4112,100.3354,83.89,89,20,1.99,few clouds
33,Lazaro Cardenas,MX,2022-01-29 18:35:28,17.9583,-102.2,83.43,57,0,7.07,clear sky
34,Qaanaaq,GL,2022-01-29 18:35:28,77.484,-69.3632,-4.97,62,100,8.93,overcast clouds
35,Mareeba,AU,2022-01-29 18:35:29,-17.0,145.4333,72.32,98,100,2.17,overcast clouds
36,Seoul,KR,2022-01-29 18:31:00,37.5683,126.9778,22.44,70,0,3.44,clear sky
37,Isangel,VU,2022-01-29 18:35:30,-19.55,169.2667,77.11,94,100,17.27,heavy intensity rain
38,Faanui,PF,2022-01-29 18:35:30,-16.4833,-151.75,80.15,74,18,12.5,moderate rain
39,Albany,US,2022-01-29 18:35:31,42.6001,-73.9662,14.81,66,100,8.01,overcast clouds
40,Butaritari,KI,2022-01-29 18:35:31,3.0707,172.7902,81.75,77,12,19.33,light rain
41,Havelock,US,2022-01-29 18:35:32,34.8791,-76.9013,39.18,64,100,10.0,overcast clouds
42,Guiratinga,BR,2022-01-29 18:35:32,-16.3494,-53.7583,78.87,80,99,7.49,overcast clouds
43,Puerto Escondido,MX,2022-01-29 18:33:20,15.85,-97.0667,85.03,65,0,6.91,clear sky
44,Clyde River,CA,2022-01-29 18:35:38,70.4692,-68.5914,-5.57,65,100,18.41,snow
45,Samarai,PG,2022-01-29 18:35:38,-10.6167,150.6667,79.59,81,100,10.87,moderate rain
46,Mahebourg,MU,2022-01-29 18:35:38,-20.4081,57.7,80.89,83,40,8.05,scattered clouds
47,Bluff,NZ,2022-01-29 18:35:39,-46.6,168.3333,61.81,88,100,6.85,overcast clouds
48,Castro,BR,2022-01-29 18:35:39,-24.7911,-50.0119,60.8,98,100,5.32,overcast clouds
49,Cherskiy,RU,2022-01-29 18:35:40,68.75,161.3,-29.4,100,23,1.41,few clouds
50,Bredasdorp,ZA,2022-01-29 18:35:40,-34.5322,20.0403,68.29,73,5,10.36,clear sky
51,Kasongo,CD,2022-01-29 18:35:41,-4.45,26.6667,69.75,89,100,1.81,overcast clouds
52,Myitkyina,MM,2022-01-29 18:35:41,25.3833,97.4,51.08,76,0,2.98,clear sky
53,Hilo,US,2022-01-29 18:35:42,19.7297,-155.09,73.11,68,75,6.91,broken clouds
54,Nalut,LY,2022-01-29 18:35:25,30.3333,10.85,46.65,30,0,10.36,clear sky
55,Beloha,MG,2022-01-29 18:35:42,-25.1667,45.05,73.22,85,4,11.61,clear sky
56,Clinton,US,2022-01-29 18:31:04,42.587,-82.9199,21.81,66,36,1.01,scattered clouds
57,Te Anau,NZ,2022-01-29 18:35:43,-45.4167,167.7167,55.96,92,100,2.53,light rain
58,Lompoc,US,2022-01-29 18:35:43,34.6391,-120.4579,66.13,49,0,8.05,clear sky
59,Husavik,IS,2022-01-29 18:35:44,66.0449,-17.3389,30.11,76,11,21.23,few clouds
60,Upernavik,GL,2022-01-29 18:35:44,72.7868,-56.1549,1.42,93,100,3.65,overcast clouds
61,Saldanha,ZA,2022-01-29 18:35:45,-33.0117,17.9442,73.45,83,0,20.65,clear sky
62,Yellowknife,CA,2022-01-29 18:31:08,62.456,-114.3525,-6.59,90,100,4.61,light snow
63,Saint Anthony,US,2022-01-29 18:31:04,45.0205,-93.218,26.44,60,0,5.99,clear sky
64,San Patricio,US,2022-01-29 18:35:45,28.017,-97.5169,64.08,28,8,3.71,clear sky
65,Arraial Do Cabo,BR,2022-01-29 18:35:46,-22.9661,-42.0278,87.76,74,0,11.5,thunderstorm
66,Huarmey,PE,2022-01-29 18:35:46,-10.0681,-78.1522,76.01,71,22,12.19,few clouds
67,Cape Town,ZA,2022-01-29 18:34:31,-33.9258,18.4232,69.12,73,20,7.0,few clouds
68,Anuradhapura,LK,2022-01-29 18:35:47,8.3565,80.4173,71.98,98,15,4.18,few clouds
69,Chokurdakh,RU,2022-01-29 18:35:44,70.6333,147.9167,-13.4,87,100,1.05,overcast clouds
70,Namibe,AO,2022-01-29 18:35:48,-15.1961,12.1522,72.5,77,100,9.13,overcast clouds
71,Farmington,US,2022-01-29 18:35:48,36.7281,-108.2187,44.85,44,0,5.75,clear sky
72,Adre,TD,2022-01-29 18:35:48,13.4667,22.2,65.93,14,2,11.63,clear sky
73,Kavieng,PG,2022-01-29 18:35:49,-2.5744,150.7967,81.16,78,100,8.46,moderate rain
74,Komsomolskiy,UZ,2022-01-29 18:35:49,40.4272,71.7189,36.32,87,75,0.0,fog
75,Port Alfred,ZA,2022-01-29 18:35:50,-33.5906,26.891,70.41,77,41,13.38,scattered clouds
76,Hithadhoo,MV,2022-01-29 18:35:50,-0.6,73.0833,81.28,65,100,1.77,overcast clouds
77,Nikolskoye,RU,2022-01-29 18:35:50,59.7035,30.7861,25.72,87,100,13.29,light snow
78,Inhambane,MZ,2022-01-29 18:35:51,-23.865,35.3833,76.98,83,20,4.61,few clouds
79,Paysandu,UY,2022-01-29 18:35:51,-32.3214,-58.0756,84.42,37,0,7.23,clear sky
80,Basco,PH,2022-01-29 18:35:52,20.4487,121.9702,74.35,89,100,23.78,overcast clouds
81,Birin,NP,2022-01-29 18:35:52,26.8865,88.0718,41.38,76,24,2.06,few clouds
82,Rio Gallegos,AR,2022-01-29 18:35:53,-51.6226,-69.2181,60.85,51,75,21.85,light rain
83,Kayes,ML,2022-01-29 18:35:53,14.0,-11.0,90.93,11,10,6.91,clear sky
84,Bambous Virieux,MU,2022-01-29 18:34:33,-20.3428,57.7575,80.85,83,40,8.05,scattered clouds
85,Caravelas,BR,2022-01-29 18:35:54,-17.7125,-39.2481,84.25,66,0,11.36,clear sky
86,Wewak,PG,2022-01-29 18:35:59,-3.5534,143.6268,77.4,88,99,7.31,light rain
87,Pak Phanang,TH,2022-01-29 18:35:59,8.3511,100.202,77.31,79,8,3.15,clear sky
88,Jalu,LY,2022-01-29 18:36:00,29.0331,21.5482,54.63,42,0,9.91,clear sky
89,Ilulissat,GL,2022-01-29 18:36:00,69.2167,-51.1,14.02,52,75,21.85,broken clouds
90,Skegness,GB,2022-01-29 18:34:42,53.1436,0.3363,48.27,68,11,20.18,few clouds
91,Lasa,IT,2022-01-29 18:36:01,46.6166,10.7002,45.48,61,7,8.93,clear sky
92,Grants,US,2022-01-29 18:36:01,35.1473,-107.8514,34.03,44,0,8.05,clear sky
93,Comodoro Rivadavia,AR,2022-01-29 18:35:18,-45.8667,-67.5,85.86,8,0,20.71,clear sky
94,Idrinskoye,RU,2022-01-29 18:36:02,54.3708,92.1358,-12.37,100,57,2.37,broken clouds
95,Dingle,PH,2022-01-29 18:35:49,10.9995,122.6711,74.98,91,11,1.86,few clouds
96,Smithers,CA,2022-01-29 18:34:05,54.7804,-127.1743,35.92,75,75,2.3,broken clouds
97,San Quintin,MX,2022-01-29 18:36:03,30.4833,-115.95,66.27,34,5,2.77,clear sky
98,Carauari,BR,2022-01-29 18:36:03,-4.8828,-66.8958,78.01,88,100,1.1,overcast clouds
99,Dikson,RU,2022-01-29 18:36:04,73.5069,80.5464,2.88,93,100,21.41,overcast clouds
100,Chapleau,CA,2022-01-29 18:31:04,47.8405,-83.4034,14.09,67,75,8.05,broken clouds
101,Vaini,TO,2022-01-29 18:36:04,-21.2,-175.2,81.34,79,100,17.36,light rain
102,Toktogul,KG,2022-01-29 18:36:04,41.8708,72.9402,25.47,79,72,1.9,broken clouds
103,Vallenar,CL,2022-01-29 18:35:08,-28.5708,-70.7581,83.3,29,0,12.75,clear sky
104,Ponta Do Sol,PT,2022-01-29 18:36:05,32.6667,-17.1,65.03,67,9,4.38,clear sky
105,Strezhevoy,RU,2022-01-29 18:36:05,60.7333,77.5889,-4.02,100,100,3.91,overcast clouds
106,Lagoa,PT,2022-01-29 18:36:06,39.05,-27.9833,57.92,76,84,11.3,broken clouds
107,Esperance,AU,2022-01-29 18:36:06,-33.8667,121.9,64.24,76,0,14.9,clear sky
108,Kampene,CD,2022-01-29 18:36:07,-3.6,26.6667,69.87,83,63,0.92,broken clouds
109,Gat,IL,2022-01-29 18:36:07,31.61,34.7642,50.4,80,0,3.71,clear sky
110,Verkhnevilyuysk,RU,2022-01-29 18:36:08,63.4453,120.3167,-15.59,98,91,5.95,overcast clouds
111,Rodrigues Alves,BR,2022-01-29 18:36:08,-7.738,-72.6509,88.0,83,100,3.98,overcast clouds
112,Filingue,NE,2022-01-29 18:36:08,14.3521,3.3168,75.4,13,33,11.12,scattered clouds
113,Iqaluit,CA,2022-01-29 18:36:09,63.7506,-68.5145,-7.87,59,100,8.05,light snow
114,Atuona,PF,2022-01-29 18:36:09,-9.8,-139.0333,77.23,80,29,14.54,light rain
115,Victoria,HK,2022-01-29 18:35:54,22.2855,114.1577,62.26,81,100,15.01,overcast clouds
116,Hattiesburg,US,2022-01-29 18:36:10,31.3271,-89.2903,48.52,26,0,9.22,clear sky
117,Liku,ID,2022-01-29 18:36:10,-0.7275,119.8922,74.91,94,100,1.57,overcast clouds
118,New Norfolk,AU,2022-01-29 18:36:11,-42.7826,147.0587,60.3,99,22,1.23,few clouds
119,Panzhihua,CN,2022-01-29 18:36:12,26.5851,101.7128,43.84,52,0,1.63,clear sky
120,Longyearbyen,SJ,2022-01-29 18:36:12,78.2186,15.6401,8.44,66,20,14.97,few clouds
121,Villa Carlos Paz,AR,2022-01-29 18:36:12,-31.4241,-64.4978,85.24,10,0,13.0,clear sky
122,Tessalit,ML,2022-01-29 18:36:13,20.1986,1.0114,72.72,11,97,12.12,overcast clouds
123,Pringsewu,ID,2022-01-29 18:35:47,-5.3582,104.9744,73.85,96,100,2.04,overcast clouds
124,East London,ZA,2022-01-29 18:36:13,-33.0153,27.9116,72.54,78,75,9.22,broken clouds
125,Port Hedland,AU,2022-01-29 18:36:14,-20.3167,118.5667,84.25,70,100,10.36,overcast clouds
126,Mar Del Plata,AR,2022-01-29 18:36:14,-38.0023,-57.5575,84.22,85,0,20.0,clear sky
127,Tucuman,AR,2022-01-29 18:36:15,-26.8241,-65.2226,84.2,51,20,4.61,few clouds
128,Pandan,PH,2022-01-29 18:36:15,14.0453,124.1694,77.02,90,22,6.22,few clouds
129,Gwadar,PK,2022-01-29 18:36:15,25.1216,62.3254,71.31,78,0,11.39,clear sky
130,Ugoofaaru,MV,2022-01-29 18:36:16,5.6667,73.0,82.11,73,47,15.77,scattered clouds
131,Talnakh,RU,2022-01-29 18:33:13,69.4865,88.3972,-0.45,97,100,10.04,overcast clouds
132,Hasaki,JP,2022-01-29 18:36:21,35.7333,140.8333,32.4,70,47,15.12,scattered clouds
133,Bilibino,RU,2022-01-29 18:32:20,68.0546,166.4372,-3.75,87,100,2.89,overcast clouds
134,Fort Nelson,CA,2022-01-29 18:36:22,58.8053,-122.7002,9.99,92,100,3.44,snow
135,Bubaque,GW,2022-01-29 18:36:22,11.2833,-15.8333,78.19,72,100,21.52,overcast clouds
136,Nouadhibou,MR,2022-01-29 18:36:23,20.931,-17.0347,67.98,60,100,16.11,overcast clouds
137,Tahta,EG,2022-01-29 18:33:46,26.7693,31.5021,52.23,46,0,6.64,clear sky
138,San Policarpo,PH,2022-01-29 18:36:24,12.1791,125.5072,78.96,84,22,4.94,few clouds
139,Benguela,AO,2022-01-29 18:36:24,-12.5763,13.4055,78.08,82,100,6.76,overcast clouds
140,Tiksi,RU,2022-01-29 18:36:24,71.6872,128.8694,-8.48,100,56,3.98,broken clouds
141,Ust-Nera,RU,2022-01-29 18:32:17,64.5667,143.2,-15.61,100,100,1.01,overcast clouds
142,Nador,MA,2022-01-29 18:36:25,35.174,-2.9287,59.25,72,0,6.91,clear sky
143,Akyab,MM,2022-01-29 18:36:25,20.15,92.9,58.91,70,0,12.55,clear sky
144,Camocim,BR,2022-01-29 18:36:26,-2.9022,-40.8411,81.73,68,100,9.73,overcast clouds
145,Provideniya,RU,2022-01-29 18:34:42,64.3833,-173.3,2.21,87,7,5.39,clear sky
146,Saint-Pierre,RE,2022-01-29 18:36:26,-21.3393,55.4781,80.24,73,18,6.91,few clouds
147,Ejido,VE,2022-01-29 18:36:27,8.5514,-71.2375,76.03,69,70,8.25,broken clouds
148,Airai,TL,2022-01-29 18:36:27,-8.9266,125.4092,60.64,93,100,3.4,light rain
149,Katsuura,JP,2022-01-29 18:36:28,35.1333,140.3,41.18,84,31,13.91,scattered clouds
150,Carlsbad,US,2022-01-29 18:36:28,33.1581,-117.3506,70.68,31,0,4.0,clear sky
151,Mogadishu,SO,2022-01-29 18:36:28,2.0371,45.3438,77.67,80,9,22.15,clear sky
152,Tigre,AR,2022-01-29 18:36:29,-34.426,-58.5796,85.24,50,20,11.5,few clouds
153,Port Elizabeth,ZA,2022-01-29 18:31:35,-33.918,25.5701,70.11,77,0,11.5,clear sky
154,Gotsu,JP,2022-01-29 18:36:29,35.0,132.2167,40.71,60,100,6.22,overcast clouds
155,Tasiilaq,GL,2022-01-29 18:36:30,65.6145,-37.6368,14.16,77,82,4.34,broken clouds
156,Portland,US,2022-01-29 18:34:37,45.5234,-122.6762,47.25,68,20,3.0,few clouds
157,Deputatskiy,RU,2022-01-29 18:36:30,69.3,139.9,-19.21,87,100,2.1,overcast clouds
158,Christchurch,NZ,2022-01-29 18:35:26,-43.5333,172.6333,59.02,89,75,4.0,broken clouds
159,Khartoum,SD,2022-01-29 18:35:44,15.5518,32.5324,71.02,18,5,1.01,clear sky
160,Nizwa,OM,2022-01-29 18:36:31,22.9333,57.5333,71.17,34,5,2.17,clear sky
161,Spirit River,CA,2022-01-29 18:36:31,55.7833,-118.8361,30.72,82,100,4.52,overcast clouds
162,Alofi,NU,2022-01-29 18:36:32,-19.0595,-169.9187,75.09,94,100,1.14,overcast clouds
163,Broome,US,2022-01-29 18:36:32,42.2506,-75.833,14.22,53,40,3.0,scattered clouds
164,Popondetta,PG,2022-01-29 18:36:33,-8.7537,148.2534,73.76,94,100,2.04,overcast clouds
165,Shimoda,JP,2022-01-29 18:36:33,34.6667,138.95,40.1,67,56,7.27,broken clouds
166,Lancaster,US,2022-01-29 18:36:34,40.2504,-76.2499,22.37,48,20,5.99,few clouds
167,Gari,RU,2022-01-29 18:36:34,59.4307,62.3497,-1.91,99,100,3.31,overcast clouds
168,Coihaique,CL,2022-01-29 18:34:12,-45.5752,-72.0662,67.95,42,75,6.91,broken clouds
169,Presidencia Roque Saenz Pena,AR,2022-01-29 18:36:35,-26.7852,-60.4388,98.53,14,0,7.18,clear sky
170,Bengkulu,ID,2022-01-29 18:36:35,-3.8004,102.2655,76.48,89,100,3.4,overcast clouds
171,Raahe,FI,2022-01-29 18:36:36,64.6833,24.4833,26.69,97,100,9.53,light snow
172,Palanga,LT,2022-01-29 18:36:36,55.9175,21.0686,39.22,100,100,23.02,overcast clouds
173,Phan Thiet,VN,2022-01-29 18:36:37,10.9333,108.1,72.46,89,100,3.85,overcast clouds
174,Fortuna,US,2022-01-29 18:35:46,40.5982,-124.1573,54.99,70,0,10.36,clear sky
175,Aswan,EG,2022-01-29 18:33:39,24.0934,32.907,54.32,35,0,11.36,clear sky
176,Itarema,BR,2022-01-29 18:36:37,-2.9248,-39.9167,83.43,61,87,11.68,overcast clouds
177,Kaitangata,NZ,2022-01-29 18:36:38,-46.2817,169.8464,54.86,95,100,4.54,heavy intensity rain
178,Zelenoborskiy,RU,2022-01-29 18:36:38,66.845,32.3622,7.9,96,100,3.13,light snow
179,Ampanihy,MG,2022-01-29 18:36:39,-24.7,44.75,71.8,68,0,5.7,clear sky
180,Newberry,US,2022-01-29 18:36:44,34.2746,-81.6187,41.36,30,0,11.77,clear sky
181,Cidreira,BR,2022-01-29 18:34:17,-30.1811,-50.2056,74.66,56,84,12.41,broken clouds
182,Half Moon Bay,US,2022-01-29 18:36:45,37.4636,-122.4286,60.62,71,0,1.01,haze
183,Varzea Da Palma,BR,2022-01-29 18:36:45,-17.5981,-44.7308,83.25,58,100,3.91,overcast clouds
184,Aquiraz,BR,2022-01-29 18:36:45,-3.9014,-38.3911,86.09,66,100,8.99,overcast clouds
185,Mishelevka,RU,2022-01-29 18:36:46,52.8575,103.1719,-22.16,100,91,0.36,overcast clouds
186,Sosva,RU,2022-01-29 18:36:46,59.1766,61.8558,-1.5,99,100,2.77,overcast clouds
187,Kruisfontein,ZA,2022-01-29 18:36:47,-34.0033,24.7314,67.89,80,0,9.69,clear sky
188,Cabedelo,BR,2022-01-29 18:36:47,-6.9811,-34.8339,84.87,71,55,8.57,broken clouds
189,Klaksvik,FO,2022-01-29 18:36:47,62.2266,-6.589,34.72,65,77,34.47,broken clouds
190,Hervey Bay,AU,2022-01-29 18:36:48,-25.2986,152.8535,74.01,93,53,8.99,broken clouds
191,College,US,2022-01-29 18:36:49,64.8569,-147.8028,-15.0,73,20,0.0,few clouds
192,Bethel,US,2022-01-29 18:36:49,41.3712,-73.414,15.85,80,100,5.99,snow
193,Harstad,NO,2022-01-29 18:36:49,68.799,16.5293,25.83,70,100,6.17,overcast clouds
194,Pevek,RU,2022-01-29 18:31:58,69.7008,170.3133,-15.81,99,98,2.08,overcast clouds
195,Dukat,RU,2022-01-29 18:36:50,62.55,155.55,-5.57,98,100,3.42,overcast clouds
196,Sola,VU,2022-01-29 18:34:26,-13.8833,167.55,82.62,78,100,22.73,overcast clouds
197,Veraval,IN,2022-01-29 18:36:51,20.9,70.3667,68.0,50,4,7.05,clear sky
198,Port Blair,IN,2022-01-29 18:36:51,11.6667,92.75,77.04,88,75,2.3,mist
199,Semey,KZ,2022-01-29 18:36:52,50.4111,80.2275,9.05,78,100,14.61,overcast clouds
200,Newark,US,2022-01-29 18:36:43,40.7357,-74.1724,19.94,85,100,18.41,overcast clouds
201,Saltillo,MX,2022-01-29 18:36:52,25.4167,-101.0,50.16,93,100,5.75,fog
202,Emerald,AU,2022-01-29 18:36:52,-23.5333,148.1667,73.54,78,64,3.44,broken clouds
203,Kenai,US,2022-01-29 18:36:53,60.5544,-151.2583,18.09,93,20,4.61,few clouds
204,Teknaf,BD,2022-01-29 18:36:53,20.8624,92.3058,56.05,75,0,8.93,clear sky
205,Mandiana,GN,2022-01-29 18:36:54,10.6333,-8.6833,85.3,15,33,5.19,scattered clouds
206,Kaduna,NG,2022-01-29 18:36:54,10.5222,7.4383,73.08,14,87,10.94,overcast clouds
207,Aykhal,RU,2022-01-29 18:33:18,66.0,111.5,-19.71,99,5,4.83,clear sky
208,Igarka,RU,2022-01-29 18:36:55,67.4667,86.5833,1.74,95,100,13.09,overcast clouds
209,Hobyo,SO,2022-01-29 18:32:01,5.3505,48.5268,77.32,76,13,24.67,few clouds
210,Labuhan,ID,2022-01-29 18:36:55,-6.8844,112.2051,78.69,84,100,6.96,overcast clouds
211,Linxia,CN,2022-01-29 18:36:56,35.6003,103.2064,8.49,84,17,3.2,few clouds
212,Chuy,UY,2022-01-29 18:36:56,-33.6971,-53.4616,76.75,53,27,11.43,scattered clouds
213,Canutama,BR,2022-01-29 18:36:57,-6.5339,-64.3831,80.89,77,100,1.83,moderate rain
214,Ostrovnoy,RU,2022-01-29 18:36:57,68.0531,39.5131,12.76,90,100,14.14,overcast clouds
215,Angren,UZ,2022-01-29 18:36:57,41.0167,70.1436,29.35,58,96,6.06,overcast clouds
216,Codrington,AU,2022-01-29 18:36:58,-38.2667,141.9667,60.67,89,72,5.08,broken clouds
217,Vao,NC,2022-01-29 18:36:58,-22.6667,167.4833,78.31,86,98,10.04,overcast clouds
218,Zaragoza,ES,2022-01-29 18:36:58,41.6561,-0.8773,51.03,51,0,1.99,clear sky
219,Puerto Narino,CO,2022-01-29 18:36:59,-3.7703,-70.3831,89.55,36,25,5.64,scattered clouds
220,Port Moresby,PG,2022-01-29 18:36:59,-9.4431,147.1797,76.42,94,100,12.66,overcast clouds
221,Bytow,PL,2022-01-29 18:37:00,54.1706,17.4919,43.7,80,100,26.69,light rain
222,Ginir,ET,2022-01-29 18:37:00,7.1333,40.7,61.09,16,4,3.85,clear sky
223,Peace River,CA,2022-01-29 18:34:30,56.2501,-117.286,25.11,93,75,5.75,broken clouds
224,Ahuimanu,US,2022-01-29 18:37:01,21.4447,-157.8378,76.35,70,20,3.0,few clouds
225,Lucea,JM,2022-01-29 18:37:06,18.451,-78.1736,82.26,63,1,10.16,clear sky
226,Nelson,NZ,2022-01-29 18:37:06,-41.2833,173.2833,56.7,84,5,4.0,clear sky
227,Keetmanshoop,,2022-01-29 18:37:07,-26.5833,18.1333,84.49,31,100,1.05,overcast clouds
228,Esmeraldas,BR,2022-01-29 18:37:07,-19.7625,-44.3139,83.44,74,75,7.07,light rain
229,Tacna,PE,2022-01-29 18:37:08,-18.0056,-70.2483,75.4,44,0,14.97,clear sky
230,Abu Dhabi,AE,2022-01-29 18:37:08,24.4667,54.3667,68.11,74,0,4.61,clear sky
231,La Ronge,CA,2022-01-29 18:37:08,55.1001,-105.2842,8.85,66,100,4.61,overcast clouds
232,Torbay,CA,2022-01-29 18:35:30,47.6666,-52.7314,34.29,89,100,17.27,light snow
233,Concordia,AR,2022-01-29 18:33:51,-31.393,-58.0209,84.27,48,20,18.99,few clouds
234,Anadyr,RU,2022-01-29 18:37:09,64.75,177.4833,-8.9,77,40,0.0,fog
235,Vila Franca Do Campo,PT,2022-01-29 18:37:10,37.7167,-25.4333,63.19,75,40,8.75,scattered clouds
236,Nassjo,SE,2022-01-29 18:37:10,57.6531,14.6968,41.92,88,100,20.15,light rain
237,Mount Isa,AU,2022-01-29 18:37:10,-20.7333,139.5,74.97,100,100,6.91,overcast clouds
238,Ventsy,RU,2022-01-29 18:37:11,45.3764,40.8358,35.28,97,94,12.91,snow
239,Slave Lake,CA,2022-01-29 18:37:11,55.2834,-114.769,22.98,86,0,3.44,clear sky
240,Lorca,ES,2022-01-29 18:37:11,37.6712,-1.7017,53.49,39,0,1.5,clear sky
241,Stity,CZ,2022-01-29 18:37:12,49.9612,16.7658,38.08,96,100,20.13,overcast clouds
242,Severnoye,RU,2022-01-29 18:37:12,56.3491,78.3619,-5.57,98,91,5.57,overcast clouds
243,Nanortalik,GL,2022-01-29 18:37:13,60.1432,-45.2371,20.21,70,100,14.03,light snow
244,Skelleftea,SE,2022-01-29 18:37:13,64.7507,20.9528,26.96,69,100,1.99,overcast clouds
245,Port-Cartier,CA,2022-01-29 18:37:14,50.0334,-66.8654,3.74,79,100,9.73,overcast clouds
246,Kununurra,AU,2022-01-29 18:34:43,-15.7667,128.7333,78.78,94,40,4.61,light rain
247,Constitucion,CL,2022-01-29 18:37:14,-35.3333,-72.4167,66.15,73,51,10.6,broken clouds
248,Shelburne,CA,2022-01-29 18:36:11,44.0787,-80.2041,10.85,48,0,5.66,clear sky
249,Shahreza,IR,2022-01-29 18:37:15,32.0339,51.8794,37.13,32,0,5.14,clear sky
250,Jardim,BR,2022-01-29 18:37:15,-21.4803,-56.1381,90.46,44,53,2.08,broken clouds
251,Banda Aceh,ID,2022-01-29 18:37:16,5.5577,95.3222,79.52,81,65,6.71,broken clouds
252,Sao Joao Da Barra,BR,2022-01-29 18:37:16,-21.6403,-41.0511,87.89,82,27,16.28,scattered clouds
253,Thinadhoo,MV,2022-01-29 18:34:46,0.5333,72.9333,81.79,71,100,5.95,overcast clouds
254,Laguna,US,2022-01-29 18:35:09,38.421,-121.4238,62.96,73,0,1.01,clear sky
255,Sembakung,ID,2022-01-29 18:37:17,3.8167,117.25,76.93,96,100,1.86,overcast clouds
256,Buchanan,LR,2022-01-29 18:37:17,5.8808,-10.0467,84.16,79,100,6.89,overcast clouds
257,Coracao De Jesus,BR,2022-01-29 18:37:18,-16.6853,-44.365,77.99,69,76,6.58,broken clouds
258,Norman Wells,CA,2022-01-29 18:37:18,65.282,-126.8329,-30.96,68,75,5.75,broken clouds
259,Vardo,NO,2022-01-29 18:37:19,70.3705,31.1107,21.65,76,100,3.09,overcast clouds
260,Pitimbu,BR,2022-01-29 18:37:19,-7.4706,-34.8086,84.79,72,87,5.73,light rain
261,Grindavik,IS,2022-01-29 18:37:20,63.8424,-22.4338,36.07,80,75,21.85,broken clouds
262,Porto Velho,BR,2022-01-29 18:37:20,-8.7619,-63.9039,80.65,83,75,2.3,broken clouds
263,Racari,RO,2022-01-29 18:37:20,44.6333,25.7333,39.27,67,4,4.47,clear sky
264,Atar,MR,2022-01-29 18:37:21,20.5169,-13.0499,78.13,17,100,5.08,overcast clouds
265,Vostok,RU,2022-01-29 18:34:52,46.4856,135.8833,-17.07,99,100,3.87,overcast clouds
266,Naze,JP,2022-01-29 18:37:21,28.3667,129.4833,56.97,78,100,12.26,overcast clouds
267,Hami,CN,2022-01-29 18:37:22,42.8,93.45,20.8,47,0,4.83,clear sky
268,Port Lincoln,AU,2022-01-29 18:36:12,-34.7333,135.8667,64.26,88,32,14.38,scattered clouds
269,Leszno,PL,2022-01-29 18:37:22,51.8403,16.5749,44.15,84,100,27.2,overcast clouds
270,Shubarkuduk,KZ,2022-01-29 18:37:23,49.1447,56.4872,15.55,96,99,7.99,overcast clouds
271,Trairi,BR,2022-01-29 18:37:23,-3.2778,-39.2689,83.16,60,49,10.09,scattered clouds
272,Viedma,AR,2022-01-29 18:37:29,-40.8135,-62.9967,95.65,23,89,12.5,overcast clouds
273,Samandag,TR,2022-01-29 18:37:29,36.0842,35.9771,43.32,84,92,10.78,overcast clouds
274,Nuuk,GL,2022-01-29 18:37:29,64.1835,-51.7216,12.81,85,100,11.5,snow
275,Severo-Kurilsk,RU,2022-01-29 18:37:30,50.6789,156.125,23.43,75,86,19.39,overcast clouds
276,Bahia Blanca,AR,2022-01-29 18:37:30,-38.7196,-62.2724,96.53,20,0,13.8,clear sky
277,Kommunisticheskiy,RU,2022-01-29 18:37:30,61.6789,64.4819,2.21,94,100,4.41,overcast clouds
278,Mardin,TR,2022-01-29 18:37:31,37.3131,40.7436,32.11,94,100,0.89,overcast clouds
279,Kyzyl-Suu,KG,2022-01-29 18:37:32,42.3414,78.0056,20.66,70,95,9.42,overcast clouds
280,Sheridan,US,2022-01-29 18:37:32,44.8333,-106.9173,51.98,30,0,1.99,clear sky
281,Banyo,CM,2022-01-29 18:37:33,6.75,11.8167,70.02,24,100,4.72,overcast clouds
282,Taltal,CL,2022-01-29 18:34:32,-25.4,-70.4833,68.92,68,11,7.23,few clouds
283,Leningradskiy,RU,2022-01-29 18:37:33,69.3833,178.4167,-6.07,85,54,3.29,broken clouds
284,Boddam,GB,2022-01-29 18:37:33,57.4667,-1.7833,42.12,71,7,39.44,clear sky
285,Teya,RU,2022-01-29 18:37:34,60.3778,92.6267,3.24,98,100,3.31,overcast clouds
286,La Palma,US,2022-01-29 18:37:34,33.8464,-118.0467,67.37,25,100,3.0,overcast clouds
287,Cabo San Lucas,MX,2022-01-29 18:37:35,22.8909,-109.9124,80.62,63,0,4.0,clear sky
288,Yantzaza,EC,2022-01-29 18:37:35,-3.8278,-78.7594,85.15,54,100,1.81,light rain
289,Sur,OM,2022-01-29 18:37:35,22.5667,59.5289,71.53,54,5,3.62,clear sky
290,Oranjemund,,2022-01-29 18:37:36,-28.55,16.4333,65.8,85,38,11.23,scattered clouds
291,Uyemskiy,RU,2022-01-29 18:37:36,64.4743,40.8524,15.85,92,100,8.95,overcast clouds
292,Newport,GB,2022-01-29 18:37:37,51.5877,-2.9984,49.44,73,8,3.0,clear sky
293,Bismarck,US,2022-01-29 18:37:06,46.8083,-100.7837,37.87,64,0,17.27,clear sky
294,Bilma,NE,2022-01-29 18:33:10,18.6853,12.9164,63.23,16,0,10.13,clear sky
295,Doha,QA,2022-01-29 18:37:38,25.2867,51.5333,62.58,61,0,8.05,clear sky
296,Shu,KZ,2022-01-29 18:37:38,43.5983,73.7614,32.97,78,94,3.76,overcast clouds
297,Anamur,TR,2022-01-29 18:37:38,36.0751,32.8369,46.42,70,100,9.66,overcast clouds
298,Honiara,SB,2022-01-29 18:33:09,-9.4333,159.95,77.11,89,100,2.68,moderate rain
299,Okhotsk,RU,2022-01-29 18:33:42,59.3833,143.3,13.57,80,100,15.88,overcast clouds
300,Mirosov,CZ,2022-01-29 18:37:39,49.6878,13.6581,41.2,87,100,24.14,overcast clouds
301,Hualmay,PE,2022-01-29 18:37:39,-11.0964,-77.6139,75.38,70,74,11.3,broken clouds
302,Nouakchott,MR,2022-01-29 18:37:40,18.0858,-15.9785,73.33,60,100,16.42,overcast clouds
303,Bay-Khaak,RU,2022-01-29 18:37:40,51.1667,94.5,-21.87,94,97,3.53,overcast clouds
304,Pedasi,PA,2022-01-29 18:37:41,7.5333,-80.0333,92.07,69,4,14.81,clear sky
305,Kuryk,KZ,2022-01-29 18:37:41,43.2,51.65,39.74,93,100,13.8,overcast clouds
306,Malaya Vishera,RU,2022-01-29 18:37:42,58.8454,32.2222,20.1,93,100,11.36,overcast clouds
307,Sitka,US,2022-01-29 18:35:50,57.0531,-135.33,37.29,93,100,8.05,moderate rain
308,Ayan,RU,2022-01-29 18:37:42,56.45,138.1667,0.82,82,100,19.95,overcast clouds
309,Ambon,ID,2022-01-29 18:37:42,-3.6954,128.1814,77.14,94,40,3.44,scattered clouds
310,Dahuk,IQ,2022-01-29 18:37:43,36.8695,42.994,36.57,80,93,4.41,overcast clouds
311,Kodiak,US,2022-01-29 18:37:43,57.79,-152.4072,31.51,64,100,23.02,overcast clouds
312,Point Pleasant,US,2022-01-29 18:37:44,40.0832,-74.0682,20.1,94,100,7.0,snow
313,Maumere,ID,2022-01-29 18:37:44,-8.6199,122.2111,79.66,84,100,5.17,light rain
314,Yerbogachen,RU,2022-01-29 18:37:44,61.2767,108.0108,-24.39,100,80,3.29,broken clouds
315,Archidona,ES,2022-01-29 18:37:45,37.0965,-4.3887,55.22,45,0,4.43,clear sky
316,Yulara,AU,2022-01-29 18:37:45,-25.2406,130.9889,80.44,69,100,17.27,overcast clouds
317,Sao Filipe,CV,2022-01-29 18:37:46,14.8961,-24.4956,71.06,71,100,11.9,overcast clouds
318,Riyadh,SA,2022-01-29 18:37:51,24.6877,46.7219,55.54,33,0,11.27,clear sky
319,Asau,RO,2022-01-29 18:37:51,46.4333,26.4,27.28,88,100,6.98,overcast clouds
320,Pingdingshan,CN,2022-01-29 18:37:52,33.7385,113.3012,27.75,94,14,1.68,few clouds
321,Singtam,IN,2022-01-29 18:37:52,27.2333,88.5,52.0,79,21,4.0,few clouds
322,Ternate,ID,2022-01-29 18:35:56,0.8,127.4,79.25,83,97,5.19,overcast clouds
323,Sompeta,IN,2022-01-29 18:37:53,18.9333,84.6,63.93,55,0,4.21,clear sky
324,Pakxan,LA,2022-01-29 18:37:53,18.3778,103.6601,72.59,55,79,3.85,broken clouds
325,Great Yarmouth,GB,2022-01-29 18:37:54,52.6083,1.7305,50.22,68,70,22.77,broken clouds
326,Hovd,MN,2022-01-29 18:37:54,48.0056,91.6419,-12.89,73,12,3.02,few clouds
327,Contamana,PE,2022-01-29 18:37:55,-7.3333,-75.0167,95.32,37,100,7.81,overcast clouds
328,Galle,LK,2022-01-29 18:37:55,6.0367,80.217,78.4,85,100,4.68,overcast clouds
329,Shetpe,KZ,2022-01-29 18:37:56,44.1667,52.1167,31.6,70,33,6.55,scattered clouds
330,Tabuk,PH,2022-01-29 18:37:56,17.4189,121.4443,71.94,91,88,2.71,overcast clouds
331,Billings,US,2022-01-29 18:33:17,45.7833,-108.5007,50.5,27,75,16.11,broken clouds
332,Sorong,ID,2022-01-29 18:37:57,-0.8833,131.25,80.37,80,100,9.01,overcast clouds
333,Porosozero,RU,2022-01-29 18:37:57,62.7191,32.727,18.82,85,100,12.59,overcast clouds
334,San Cristobal,VE,2022-01-29 18:37:57,7.7669,-72.225,80.78,35,6,9.86,clear sky
335,Sorland,NO,2022-01-29 18:37:58,67.667,12.6934,32.0,83,100,18.5,light snow
336,Fonte Boa,BR,2022-01-29 18:37:58,-2.4959,-66.2662,80.4,92,100,0.92,overcast clouds
337,Beringovskiy,RU,2022-01-29 18:37:59,63.05,179.3167,-10.68,100,99,4.72,overcast clouds
338,Ahipara,NZ,2022-01-29 18:37:59,-35.1667,173.1667,60.06,85,41,6.67,scattered clouds
339,Sisimiut,GL,2022-01-29 18:37:59,66.9395,-53.6735,10.13,89,100,27.13,snow
340,Wadi Musa,JO,2022-01-29 18:38:00,30.3222,35.4793,41.16,54,0,4.5,clear sky
341,Geraldton,AU,2022-01-29 18:38:00,-28.7667,114.6,70.21,88,0,5.75,clear sky
342,Chapais,CA,2022-01-29 18:33:01,49.7834,-74.8492,-4.22,76,6,4.41,clear sky
343,Maues,BR,2022-01-29 18:38:01,-3.3836,-57.7186,78.42,96,100,4.45,overcast clouds
344,Suluq,LY,2022-01-29 18:38:01,31.6682,20.2521,53.69,62,100,24.11,overcast clouds
345,Luderitz,,2022-01-29 18:34:35,-26.6481,15.1594,68.22,78,53,10.33,broken clouds
346,San Miguel,SV,2022-01-29 18:38:02,13.4833,-88.1833,92.8,36,0,4.61,clear sky
347,Berlevag,NO,2022-01-29 18:38:02,70.8578,29.0864,19.02,80,95,8.28,overcast clouds
348,Roald,NO,2022-01-29 18:38:03,62.5833,6.1333,37.0,87,75,23.02,broken clouds
349,Amapa,BR,2022-01-29 18:38:03,1.0,-52.0,76.14,96,100,3.44,light rain
350,Bonavista,CA,2022-01-29 18:38:03,48.6499,-53.1147,36.12,86,100,18.14,overcast clouds
351,Maragogi,BR,2022-01-29 18:38:04,-9.0122,-35.2225,78.19,66,100,1.81,overcast clouds
352,Ossora,RU,2022-01-29 18:33:12,59.2353,163.0719,25.83,96,100,21.68,snow
353,Belyy Yar,RU,2022-01-29 18:38:05,53.6039,91.3903,-14.91,84,20,0.0,smoke
354,Masvingo,ZW,2022-01-29 18:38:05,-20.0637,30.8277,67.95,88,100,9.69,overcast clouds
355,Spornoye,RU,2022-01-29 18:38:05,50.8448,37.2913,32.02,96,97,11.27,snow
356,Kimbe,PG,2022-01-29 18:38:06,-5.5502,150.1429,75.74,94,100,2.24,light rain
357,Rawson,AR,2022-01-29 18:38:06,-43.3002,-65.1023,82.87,32,24,3.18,few clouds
358,Voyvozh,RU,2022-01-29 18:38:07,62.892,54.9635,13.1,94,100,8.5,overcast clouds
359,Thompson,CA,2022-01-29 18:38:07,55.7435,-97.8558,-2.04,71,20,2.3,few clouds
360,Kamaishi,JP,2022-01-29 18:38:07,39.2667,141.8833,27.82,62,32,14.36,scattered clouds
361,Muros,ES,2022-01-29 18:38:08,42.7762,-9.0603,59.5,68,11,3.62,few clouds
362,Dunedin,NZ,2022-01-29 18:38:08,-45.8742,170.5036,59.81,81,100,1.99,light rain
363,Piracanjuba,BR,2022-01-29 18:38:14,-17.3028,-49.0167,75.65,80,100,7.52,overcast clouds
364,Bandarbeyla,SO,2022-01-29 18:34:11,9.4942,50.8122,76.15,68,81,22.86,broken clouds
365,Barlad,RO,2022-01-29 18:38:14,46.2333,27.6667,31.21,81,98,3.74,overcast clouds
366,Havre-Saint-Pierre,CA,2022-01-29 18:38:15,50.2334,-63.5986,5.59,60,75,14.97,broken clouds
367,Saint George,US,2022-01-29 18:38:15,37.1041,-113.5841,59.47,30,0,3.44,clear sky
368,Darnah,LY,2022-01-29 18:38:15,32.767,22.6367,54.09,73,83,26.19,broken clouds
369,Maridi,SS,2022-01-29 18:38:16,4.9158,29.4742,73.54,28,10,4.72,clear sky
370,Nantucket,US,2022-01-29 18:38:16,41.2835,-70.0995,30.31,91,100,42.57,mist
371,Joao Pinheiro,BR,2022-01-29 18:38:17,-17.7425,-46.1725,79.7,64,100,1.63,overcast clouds
372,Rumoi,JP,2022-01-29 18:38:17,43.9344,141.6428,17.67,69,100,20.4,light snow
373,Bakel,SN,2022-01-29 18:38:18,14.905,-12.4568,90.99,11,95,8.28,overcast clouds
374,Guerrero Negro,MX,2022-01-29 18:38:18,27.9769,-114.0611,69.78,29,7,4.18,clear sky
375,Marakkanam,IN,2022-01-29 18:38:19,12.2,79.95,76.95,77,99,12.8,overcast clouds
376,Dongsheng,CN,2022-01-29 18:38:19,39.8161,109.9776,19.58,52,100,11.7,overcast clouds
377,Lorengau,PG,2022-01-29 18:38:19,-2.0226,147.2712,80.55,80,96,7.96,overcast clouds
378,Maksatikha,RU,2022-01-29 18:38:20,57.797,35.8825,19.31,93,100,4.03,overcast clouds
379,Lavrentiya,RU,2022-01-29 18:38:20,65.5833,-171.0,-4.56,84,6,3.78,clear sky
380,Nyurba,RU,2022-01-29 18:38:21,63.2842,118.3319,-20.06,99,97,5.06,overcast clouds
381,Santiago,CL,2022-01-29 18:37:30,-33.4569,-70.6483,84.29,37,0,18.41,clear sky
382,Gravdal,NO,2022-01-29 18:38:21,68.1214,13.5031,29.61,78,100,8.32,overcast clouds
383,Sarangani,PH,2022-01-29 18:38:22,5.4033,125.4636,80.91,75,100,6.49,overcast clouds
384,Vynohradove,UA,2022-01-29 18:38:22,46.3696,32.9398,31.24,80,99,9.48,overcast clouds
385,Gouyave,GD,2022-01-29 18:38:23,12.1646,-61.7296,84.97,54,20,20.71,few clouds
386,Mazamari,PE,2022-01-29 18:38:23,-11.3258,-74.5308,87.03,52,100,3.6,moderate rain
387,Romanovka,RU,2022-01-29 18:35:56,51.7443,42.7527,27.41,98,99,6.51,snow
388,Koslan,RU,2022-01-29 18:38:24,63.4564,48.8989,17.2,94,100,8.84,light snow
389,Churapcha,RU,2022-01-29 18:38:24,62.0025,132.4325,-38.76,100,53,2.37,broken clouds
390,Makakilo City,US,2022-01-29 18:38:24,21.3469,-158.0858,75.18,69,0,4.61,clear sky
391,Lapua,FI,2022-01-29 18:38:25,62.9693,23.0088,32.68,96,100,9.93,light snow
392,Mehamn,NO,2022-01-29 18:38:25,71.0357,27.8492,19.62,84,99,7.05,overcast clouds
393,Norrtalje,SE,2022-01-29 18:38:26,59.758,18.705,42.73,95,100,11.52,moderate rain
394,Sechura,PE,2022-01-29 18:38:26,-5.5569,-80.8222,82.74,56,52,14.99,broken clouds
395,Los Llanos De Aridane,ES,2022-01-29 18:38:26,28.6585,-17.9182,62.35,76,20,10.36,few clouds
396,Krasnoselkup,RU,2022-01-29 18:38:27,65.7,82.4667,-9.53,99,100,8.05,overcast clouds
397,Aripuana,BR,2022-01-29 18:38:27,-9.1667,-60.6333,72.84,99,100,3.56,overcast clouds
398,Stornoway,GB,2022-01-29 18:38:28,58.2093,-6.3865,41.94,75,40,8.01,scattered clouds
399,Micheweni,TZ,2022-01-29 18:38:28,-4.9667,39.8333,80.37,76,100,9.01,overcast clouds
400,Ballina,AU,2022-01-29 18:38:28,-28.8667,153.5667,69.98,94,40,4.61,scattered clouds
401,Ardakan,IR,2022-01-29 18:38:29,32.31,54.0175,46.78,27,0,5.84,clear sky
402,Acarau,BR,2022-01-29 18:38:29,-2.8856,-40.12,83.41,63,90,11.9,overcast clouds
403,Simpang,ID,2022-01-29 18:38:30,-1.2667,104.0833,74.35,93,91,0.83,overcast clouds
404,Mondlo,ZA,2022-01-29 18:38:30,-27.983,30.7177,60.53,97,100,5.32,overcast clouds
405,Shanghai,CN,2022-01-29 18:38:30,31.2222,121.4581,38.93,71,100,1.01,light rain
406,Botwood,CA,2022-01-29 18:38:31,49.1499,-55.3482,33.91,99,100,5.61,snow
407,Keuruu,FI,2022-01-29 18:38:31,62.2667,24.7,30.38,95,100,14.61,light snow
408,Qui Nhon,VN,2022-01-29 18:38:32,13.7667,109.2333,71.49,86,100,5.17,overcast clouds
409,Faya,SA,2022-01-29 18:38:32,18.3851,42.4509,54.12,68,0,5.14,clear sky
410,Rock Springs,US,2022-01-29 18:38:33,41.5875,-109.2029,31.44,29,0,16.11,clear sky
411,Sistranda,NO,2022-01-29 18:38:33,63.7256,8.834,39.16,81,100,26.26,overcast clouds
412,Riachao Das Neves,BR,2022-01-29 18:38:39,-11.7461,-44.91,75.9,87,100,6.49,light rain
413,Kodinsk,RU,2022-01-29 18:38:39,58.6881,99.1844,-3.6,99,100,2.59,overcast clouds
414,Kyabe,TD,2022-01-29 18:38:39,9.4515,18.9449,80.1,16,21,6.11,few clouds
415,Novobirilyussy,RU,2022-01-29 18:38:40,56.9514,90.6661,-6.0,97,83,4.0,broken clouds
416,Kudahuvadhoo,MV,2022-01-29 18:37:09,2.6708,72.8944,81.48,71,100,9.1,overcast clouds
417,Necochea,AR,2022-01-29 18:38:40,-38.5473,-58.7368,88.03,37,0,13.22,clear sky
418,Fairhope,US,2022-01-29 18:38:41,30.523,-87.9033,46.96,26,0,4.0,clear sky
419,Tumpat,MY,2022-01-29 18:38:41,6.1978,102.171,75.18,94,20,0.0,few clouds
420,Karagaylinskiy,RU,2022-01-29 18:38:42,54.172,86.5521,-3.66,100,38,2.75,scattered clouds
421,Pointe Michel,DM,2022-01-29 18:38:42,15.25,-61.3833,83.34,44,20,3.44,few clouds
422,Maniitsoq,GL,2022-01-29 18:38:43,65.4167,-52.9,10.11,75,100,29.3,light snow
423,Afsin,TR,2022-01-29 18:38:43,38.2477,36.914,7.72,92,100,1.5,overcast clouds
424,Adelanto,US,2022-01-29 18:38:43,34.5828,-117.4092,58.87,22,100,2.19,overcast clouds
425,Rio Grande,BR,2022-01-29 18:38:44,-32.035,-52.0986,80.71,52,0,14.18,clear sky
426,Karratha,AU,2022-01-29 18:38:10,-20.7377,116.8463,81.59,61,95,18.48,overcast clouds
427,Pareora,NZ,2022-01-29 18:38:44,-44.4871,171.2132,58.17,97,99,3.4,overcast clouds
428,Caborca,MX,2022-01-29 18:38:45,30.5838,-111.101,66.13,21,0,3.22,clear sky
429,Piacabucu,BR,2022-01-29 18:38:45,-10.4056,-36.4344,78.66,66,100,9.69,light rain
430,Adrar,MR,2022-01-29 18:38:46,20.5022,-10.0711,81.21,11,100,8.99,overcast clouds
431,Ewa Beach,US,2022-01-29 18:38:46,21.3156,-158.0072,76.59,68,0,4.61,clear sky
432,Inuvik,CA,2022-01-29 18:38:46,68.3499,-133.7218,-10.19,73,40,1.14,scattered clouds
433,Ariquemes,BR,2022-01-29 18:38:47,-9.9133,-63.0408,75.88,97,100,5.03,overcast clouds
434,Namatanai,PG,2022-01-29 18:38:47,-3.6667,152.4333,79.12,82,100,2.13,light rain
435,Auki,SB,2022-01-29 18:35:21,-8.7676,160.7034,77.45,89,96,7.05,light rain
436,Chicama,PE,2022-01-29 18:38:48,-7.8447,-79.1469,70.34,57,70,11.95,broken clouds
437,Gidole,ET,2022-01-29 18:38:48,5.65,37.3667,66.0,23,12,2.3,few clouds
438,Yar-Sale,RU,2022-01-29 18:37:12,66.8333,70.8333,-7.83,96,100,8.23,overcast clouds
439,Gien,FR,2022-01-29 18:38:49,47.6933,2.6309,46.42,96,100,10.47,overcast clouds
440,Panzos,GT,2022-01-29 18:38:49,15.4,-89.6667,86.92,90,76,4.07,broken clouds
441,Teocaltiche,MX,2022-01-29 18:38:50,21.4333,-102.5833,66.27,39,0,3.74,clear sky
442,Bani,DO,2022-01-29 18:38:50,18.2833,-70.3333,89.04,55,1,9.71,clear sky
443,King City,US,2022-01-29 18:36:04,36.2127,-121.126,49.08,30,100,1.01,overcast clouds
444,Gerash,IR,2022-01-29 18:38:51,27.6652,54.1371,51.94,36,6,4.56,clear sky
445,Arman,RU,2022-01-29 18:38:51,59.7,150.1667,7.48,81,100,14.85,overcast clouds
446,Tautira,PF,2022-01-29 18:38:52,-17.7333,-149.15,78.82,76,99,15.08,overcast clouds
447,Mount Gambier,AU,2022-01-29 18:38:52,-37.8333,140.7667,62.51,82,100,8.05,overcast clouds
448,Pavlohrad,UA,2022-01-29 18:38:52,48.5167,35.8667,32.97,95,100,11.72,overcast clouds
449,Lebedinyy,RU,2022-01-29 18:38:53,58.5167,125.5167,-15.7,99,100,4.03,overcast clouds
450,Mocuba,MZ,2022-01-29 18:38:53,-16.8392,36.9856,72.99,97,1,4.41,clear sky
451,Glucholazy,PL,2022-01-29 18:38:54,50.315,17.3836,38.44,87,100,14.38,overcast clouds
452,Pontianak,ID,2022-01-29 18:38:54,-0.0333,109.3333,76.98,94,20,0.0,mist
453,Inta,RU,2022-01-29 18:38:54,66.0317,60.1659,8.65,88,100,7.16,overcast clouds
454,Poum,NC,2022-01-29 18:38:55,-20.2333,164.0167,80.73,80,32,8.77,scattered clouds
455,Resistencia,AR,2022-01-29 18:38:55,-27.4606,-58.9839,95.09,29,0,13.8,light rain
456,Ouesso,CG,2022-01-29 18:38:56,1.6136,16.0517,79.05,25,99,1.19,overcast clouds
457,Turayf,SA,2022-01-29 18:38:56,31.6725,38.6637,43.05,70,40,6.91,scattered clouds
458,Ojinaga,MX,2022-01-29 18:38:57,29.5667,-104.4167,57.58,34,100,0.0,overcast clouds
459,Klyuchi,RU,2022-01-29 18:39:02,52.2667,79.1667,3.81,82,74,10.38,broken clouds
460,Kamenka,RU,2022-01-29 18:39:03,51.3223,42.7678,31.75,98,100,7.9,overcast clouds
461,Kibre Mengist,ET,2022-01-29 18:39:03,5.8833,38.9833,58.89,28,5,3.0,clear sky
462,Tukrah,LY,2022-01-29 18:39:04,32.5341,20.5791,53.08,63,100,29.17,overcast clouds
463,Diamantino,BR,2022-01-29 18:39:04,-14.4086,-56.4461,77.59,90,100,5.28,moderate rain
464,Ginda,IN,2022-01-29 18:39:04,30.6945,78.4932,40.12,42,0,8.68,clear sky
465,Birao,CF,2022-01-29 18:39:05,10.2849,22.7882,70.93,15,87,6.73,overcast clouds
466,Port Hardy,CA,2022-01-29 18:38:01,50.6996,-127.4199,46.76,87,100,19.57,light rain
467,Hornepayne,CA,2022-01-29 18:39:05,49.2138,-84.7705,11.93,81,100,3.24,overcast clouds
468,Les Ponts-De-Ce,FR,2022-01-29 18:39:06,47.4231,-0.5248,49.1,86,99,6.06,overcast clouds
469,Qasigiannguit,GL,2022-01-29 18:39:06,68.8193,-51.1922,14.25,83,96,10.67,overcast clouds
470,Beziers,FR,2022-01-29 18:39:07,43.3476,3.219,49.32,57,0,12.66,clear sky
471,Durazno,UY,2022-01-29 18:39:07,-33.4131,-56.5006,81.34,41,0,6.69,clear sky
472,Carballo,ES,2022-01-29 18:39:08,43.213,-8.691,58.42,83,99,2.53,overcast clouds
473,Leua,SK,2022-01-29 18:39:08,48.2156,18.6071,36.21,99,100,11.5,light snow
474,Tateyama,JP,2022-01-29 18:39:08,34.9833,139.8667,41.09,70,20,3.44,few clouds
475,Saint John,CA,2022-01-29 18:36:32,45.2727,-66.0677,17.19,93,100,36.82,snow
476,Leh,IN,2022-01-29 18:34:39,34.1667,77.5833,-0.04,95,99,1.97,overcast clouds
477,Vestmannaeyjar,IS,2022-01-29 18:39:09,63.4427,-20.2734,36.59,87,40,9.22,scattered clouds
478,Garowe,SO,2022-01-29 18:39:10,8.4054,48.4845,70.14,63,100,20.36,overcast clouds
479,Pacific Grove,US,2022-01-29 18:39:10,36.6177,-121.9166,60.96,58,0,1.01,clear sky
480,Petropavlovsk-Kamchatskiy,RU,2022-01-29 18:39:11,53.0452,158.6483,15.78,100,75,4.47,broken clouds
481,Alice Springs,AU,2022-01-29 18:39:11,-23.7,133.8833,72.95,100,100,10.36,overcast clouds
482,Touros,BR,2022-01-29 18:39:11,-5.1989,-35.4608,83.3,70,100,10.67,overcast clouds
483,Pisco,PE,2022-01-29 18:39:12,-13.7,-76.2167,75.25,64,0,11.5,clear sky
484,Khed Brahma,IN,2022-01-29 18:39:13,24.0333,73.05,60.55,28,0,3.98,clear sky
485,Taksimo,RU,2022-01-29 18:39:13,56.3444,114.8794,-15.12,91,84,2.33,broken clouds
486,Zhongshu,CN,2022-01-29 18:39:14,24.5167,103.7667,36.5,94,17,3.69,few clouds
487,Taywarah,AF,2022-01-29 18:39:14,33.35,64.4167,13.55,73,20,5.39,few clouds
488,Grand Gaube,MU,2022-01-29 18:37:03,-20.0064,57.6608,81.0,76,79,4.0,broken clouds
489,Perundurai,IN,2022-01-29 18:39:14,11.2667,77.5833,78.35,72,100,3.8,overcast clouds
490,Troitsk,RU,2022-01-29 18:39:15,54.0979,61.5773,6.94,95,100,3.78,overcast clouds
491,Fairbanks,US,2022-01-29 18:35:14,64.8378,-147.7164,-14.98,70,0,4.61,clear sky
492,Pangnirtung,CA,2022-01-29 18:39:16,66.1451,-65.7125,-14.8,70,100,2.3,light snow
493,Sidi Ali,DZ,2022-01-29 18:39:16,36.0998,0.4206,52.03,47,0,9.98,clear sky
494,Sinnamary,GF,2022-01-29 18:39:16,5.3833,-52.95,80.89,71,100,8.08,overcast clouds
495,Kabakovo,RU,2022-01-29 18:39:17,54.5369,56.1517,-7.31,84,40,2.24,mist
496,Vilhena,BR,2022-01-29 18:39:17,-12.7406,-60.1458,79.02,78,75,13.8,broken clouds
497,Ozernovskiy,RU,2022-01-29 18:39:17,51.5,156.5167,24.58,86,100,19.66,light snow
498,Meulaboh,ID,2022-01-29 18:39:18,4.1363,96.1285,77.97,88,90,3.83,overcast clouds
499,Mindelo,CV,2022-01-29 18:39:19,16.8901,-24.9804,71.15,60,75,26.46,broken clouds
500,Alta,NO,2022-01-29 18:39:19,69.9689,23.2717,4.24,78,40,4.61,scattered clouds
501,Buala,SB,2022-01-29 18:39:19,-8.145,159.5921,80.04,83,100,7.72,light rain
502,Dezhou,CN,2022-01-29 18:39:20,37.4486,116.2925,30.38,48,0,3.76,clear sky
503,Vinh,VN,2022-01-29 18:39:20,18.6667,105.6667,65.5,93,100,14.9,overcast clouds
504,Pavlodar,KZ,2022-01-29 18:39:21,52.3,76.95,1.2,78,0,13.42,clear sky
505,Roma,US,2022-01-29 18:39:21,43.2128,-75.4557,13.66,53,0,5.75,clear sky
506,Gillette,US,2022-01-29 18:39:20,44.2911,-105.5022,50.95,18,0,11.99,clear sky
507,Chenzhou,CN,2022-01-29 18:39:26,25.8,113.0333,34.23,94,97,5.32,overcast clouds
508,Key Largo,US,2022-01-29 18:39:27,25.0865,-80.4473,62.01,44,74,20.74,broken clouds
509,Hamilton,US,2022-01-29 18:39:27,39.1834,-84.5333,26.1,61,20,1.99,few clouds
510,Karpathos,GR,2022-01-29 18:39:28,35.507,27.2132,57.16,67,100,21.85,overcast clouds
511,Berezovyy,RU,2022-01-29 18:39:28,51.6667,135.7,-18.06,92,99,4.23,overcast clouds
512,Kasongo-Lunda,CD,2022-01-29 18:39:29,-6.4667,16.8167,76.5,76,100,1.39,overcast clouds
513,Halifax,CA,2022-01-29 18:39:19,44.6453,-63.5724,34.21,98,100,13.0,overcast clouds
514,Marystown,CA,2022-01-29 18:39:29,47.1666,-55.1483,36.86,100,100,14.0,overcast clouds
515,Paracatu,BR,2022-01-29 18:38:15,-17.2222,-46.8747,82.96,56,82,5.77,broken clouds
516,Bull Savanna,JM,2022-01-29 18:39:30,17.8868,-77.5902,82.27,51,0,9.48,clear sky
517,Beyneu,KZ,2022-01-29 18:38:21,45.3167,55.2,26.11,83,5,5.01,clear sky
518,Lumut,MY,2022-01-29 18:39:31,4.2323,100.6298,78.82,94,20,0.0,few clouds
519,Rafaela,AR,2022-01-29 18:39:31,-31.2503,-61.4867,88.0,29,0,1.01,clear sky
520,Baherden,TM,2022-01-29 18:39:31,38.4362,57.4316,41.49,68,4,5.32,clear sky
521,Laredo,US,2022-01-29 18:39:32,27.5064,-99.5075,62.85,40,0,3.44,clear sky
522,Santa Isabel,BR,2022-01-29 18:39:32,-23.3156,-46.2214,76.71,96,100,5.14,overcast clouds
523,Karakulino,RU,2022-01-29 18:39:32,56.012,53.7067,0.99,99,72,3.04,broken clouds
524,San Juan,AR,2022-01-29 18:39:33,-31.5375,-68.5364,90.7,30,1,8.16,clear sky
525,Alta Floresta,BR,2022-01-29 18:39:33,-9.8756,-56.0861,84.02,74,40,5.75,scattered clouds
526,Antsohihy,MG,2022-01-29 18:39:34,-14.8796,47.9875,75.7,87,73,2.35,broken clouds
527,Sambhal,IN,2022-01-29 18:39:34,28.5833,78.55,50.38,73,0,8.19,clear sky
528,Riachao,BR,2022-01-29 18:39:34,-7.3619,-46.6172,77.36,81,44,9.28,scattered clouds
529,Pocatello,US,2022-01-29 18:38:23,42.8713,-112.4455,29.68,49,0,4.0,clear sky
530,Kanniyakumari,IN,2022-01-29 18:39:35,8.0833,77.5667,78.71,81,33,17.36,scattered clouds
531,Magdagachi,RU,2022-01-29 18:39:35,53.45,125.8,-1.28,76,39,7.18,scattered clouds
532,Prince Rupert,CA,2022-01-29 18:39:36,54.3161,-130.3201,41.09,87,100,23.02,light rain
533,Lincoln,US,2022-01-29 18:38:47,40.8,-96.667,56.01,34,0,3.0,clear sky
534,Padang,ID,2022-01-29 18:39:36,-0.9492,100.3543,77.38,89,96,2.8,overcast clouds
535,Baker City,US,2022-01-29 18:39:37,44.7749,-117.8344,27.82,73,0,3.44,clear sky
536,Matagami,CA,2022-01-29 18:39:37,49.7502,-77.6328,3.31,72,100,11.5,overcast clouds
537,Mangaratiba,BR,2022-01-29 18:39:38,-22.9597,-44.0406,79.93,93,100,7.63,overcast clouds
538,Runkel,DE,2022-01-29 18:39:38,50.4,8.1667,50.81,79,100,17.85,overcast clouds
539,Alyangula,AU,2022-01-29 18:39:39,-13.8483,136.4192,80.47,89,100,10.36,overcast clouds
540,Saint-Francois,FR,2022-01-29 18:39:39,46.4154,3.9054,38.68,100,100,5.75,overcast clouds
541,Kizema,RU,2022-01-29 18:39:40,61.113,44.8302,16.83,95,99,5.53,snow
542,Borba,BR,2022-01-29 18:39:40,-4.3878,-59.5939,76.77,97,100,0.54,moderate rain
543,Bartica,GY,2022-01-29 18:39:40,6.4,-58.6167,86.32,39,5,6.2,clear sky
544,Hofn,IS,2022-01-29 18:39:41,64.2539,-15.2082,27.99,59,0,13.91,clear sky
545,Freeport,US,2022-01-29 18:35:59,40.6576,-73.5832,19.98,80,100,5.99,fog
546,Straumen,NO,2022-01-29 18:39:41,63.8709,11.2999,35.94,97,100,12.66,light rain
547,Abbeville,FR,2022-01-29 18:39:42,50.1,1.8333,51.94,86,100,17.47,overcast clouds
548,Tandalti,SD,2022-01-29 18:39:42,13.0167,31.8667,66.72,17,15,13.78,few clouds
549,Barabinsk,RU,2022-01-29 18:39:42,55.3571,78.357,-5.24,94,32,6.58,scattered clouds
550,Kerema,PG,2022-01-29 18:39:43,-7.9631,145.7785,77.04,84,100,2.91,overcast clouds
551,Kui Buri,TH,2022-01-29 18:39:43,12.0828,99.8543,73.44,84,66,6.2,broken clouds
552,Hrusovany Nad Jevisovkou,CZ,2022-01-29 18:39:44,48.8299,16.4027,44.94,100,100,4.0,overcast clouds
553,Tevriz,RU,2022-01-29 18:39:49,57.509,72.4042,4.78,94,100,4.56,overcast clouds
554,Murgab,TM,2022-01-29 18:39:50,37.4966,61.9714,40.87,70,75,9.22,broken clouds
555,Mizdah,LY,2022-01-29 18:39:50,31.4451,12.9801,46.38,72,0,14.47,clear sky
556,Nelson Bay,AU,2022-01-29 18:39:50,-32.7167,152.15,72.95,89,92,9.89,overcast clouds
557,Portage,US,2022-01-29 18:39:51,41.1667,-81.1998,20.39,59,83,9.35,broken clouds
558,Larap,PH,2022-01-29 18:39:51,14.299,122.6504,74.82,93,9,5.23,clear sky
559,Bambanglipuro,ID,2022-01-29 18:39:52,-7.95,110.2833,78.04,85,100,4.68,overcast clouds
560,Jambi,ID,2022-01-29 18:39:52,-1.6,103.6167,74.01,92,100,1.97,overcast clouds
561,Ancud,CL,2022-01-29 18:39:52,-41.8697,-73.8203,73.42,70,33,11.97,scattered clouds
562,Walvis Bay,,2022-01-29 18:35:27,-22.9575,14.5053,64.09,77,10,12.66,clear sky
563,Uruacu,BR,2022-01-29 18:36:32,-14.5247,-49.1408,77.47,84,100,7.05,overcast clouds
564,Zaraza,VE,2022-01-29 18:39:53,9.3503,-65.3245,93.06,26,100,9.98,overcast clouds
565,Navalmoral De La Mata,ES,2022-01-29 18:39:54,39.8916,-5.5406,47.48,37,0,6.13,clear sky
566,Bend,US,2022-01-29 18:36:19,44.0582,-121.3153,45.61,54,0,1.01,clear sky
567,Joue-Les-Tours,FR,2022-01-29 18:39:54,47.3522,0.6691,47.08,90,100,6.91,overcast clouds
568,Kiunga,PG,2022-01-29 18:39:55,-6.1219,141.2906,72.72,99,100,0.94,overcast clouds
569,Imbituba,BR,2022-01-29 18:39:55,-28.24,-48.6703,76.82,80,87,9.64,overcast clouds
570,Talcahuano,CL,2022-01-29 18:39:55,-36.7167,-73.1167,62.76,81,6,8.84,clear sky
571,Lengshuitan,CN,2022-01-29 18:39:56,26.4111,111.5956,35.92,90,100,3.56,overcast clouds
572,Saint-Augustin,CA,2022-01-29 18:39:56,51.226,-58.6502,8.26,79,100,13.15,overcast clouds
573,Westport,US,2022-01-29 18:39:57,41.1415,-73.3579,18.41,88,100,8.01,light snow
574,Syamzha,RU,2022-01-29 18:39:57,60.0158,41.0614,10.89,98,93,3.76,overcast clouds
575,Lima,PE,2022-01-29 18:39:39,-12.0432,-77.0282,77.4,81,0,4.0,clear sky
576,Sabang,ID,2022-01-29 18:39:58,5.8933,95.3214,82.29,71,19,9.73,few clouds
577,Sindor,RU,2022-01-29 18:39:58,62.8629,51.8905,15.13,93,100,8.95,overcast clouds
578,Ko Samui,TH,2022-01-29 18:39:59,9.5357,99.9357,81.27,70,9,3.98,clear sky
579,Tres Arroyos,AR,2022-01-29 18:39:59,-38.3739,-60.2798,91.99,24,7,16.44,clear sky
580,Hambantota,LK,2022-01-29 18:39:59,6.1241,81.1185,77.34,100,40,2.3,scattered clouds
581,Vila Velha,BR,2022-01-29 18:35:21,-20.3297,-40.2925,87.75,67,20,17.0,few clouds
582,Lalmohan,BD,2022-01-29 18:40:00,22.3384,90.7419,61.23,52,0,7.4,clear sky
583,Manado,ID,2022-01-29 18:40:00,1.487,124.8455,77.77,94,40,2.3,scattered clouds
584,Garissa,KE,2022-01-29 18:40:01,-0.4536,39.6401,86.41,38,65,6.69,broken clouds
585,Panaba,MX,2022-01-29 18:40:02,21.2833,-88.2667,72.5,47,98,15.61,overcast clouds
586,Lunenburg,CA,2022-01-29 18:40:02,44.3835,-64.3155,34.21,95,100,20.71,overcast clouds
587,Geneva,US,2022-01-29 18:35:18,41.8875,-88.3054,23.67,53,75,7.0,broken clouds
588,Massa Marittima,IT,2022-01-29 18:40:03,43.049,10.8928,45.9,76,84,1.92,broken clouds
589,Mandapam,IN,2022-01-29 18:40:03,9.2833,79.1167,79.81,81,35,19.04,scattered clouds
590,Bereda,ES,2022-01-29 18:35:40,43.2686,-7.5406,49.75,90,100,3.98,overcast clouds
591,Felanitx,ES,2022-01-29 18:40:04,39.4696,3.1483,55.0,73,0,7.4,clear sky
592,Marsa Matruh,EG,2022-01-29 18:40:04,31.3525,27.2453,55.26,54,1,11.95,clear sky
593,Lifford,IE,2022-01-29 18:40:05,54.8319,-7.4836,41.63,70,42,8.1,scattered clouds
594,Coromandel,BR,2022-01-29 18:40:05,-18.4733,-47.2003,75.79,70,100,6.85,overcast clouds
595,Vryburg,ZA,2022-01-29 18:40:06,-26.9566,24.7284,75.38,46,88,12.17,overcast clouds
596,Sonari,IN,2022-01-29 18:40:06,27.0667,95.0333,54.03,79,0,1.63,clear sky
597,Rabo De Peixe,PT,2022-01-29 18:40:06,37.8,-25.5833,62.28,89,20,11.5,few clouds
598,Lencois Paulista,BR,2022-01-29 18:40:07,-22.5986,-48.8003,77.49,94,99,5.84,overcast clouds
599,Peachtree City,US,2022-01-29 18:38:02,33.3968,-84.5958,38.21,28,0,14.97,clear sky
600,Zyryanskoye,RU,2022-01-29 18:40:13,56.8306,86.6258,0.66,99,90,3.74,overcast clouds
601,Strangnas,SE,2022-01-29 18:40:14,59.3774,17.0312,43.21,89,100,15.77,overcast clouds
602,Bathsheba,BB,2022-01-29 18:40:14,13.2167,-59.5167,83.01,82,40,20.71,scattered clouds
603,Cape Canaveral,US,2022-01-29 18:40:14,28.4058,-80.6048,54.03,38,0,21.85,clear sky
604,Zyryanovsk,KZ,2022-01-29 18:40:15,49.7386,84.2719,-18.83,95,74,2.1,broken clouds
605,Lata,PT,2022-01-29 18:40:15,40.1629,-8.3327,61.21,49,0,4.74,clear sky
606,Ejura,GH,2022-01-29 18:40:15,7.3856,-1.3562,87.4,16,98,4.61,overcast clouds
607,Taseyevo,RU,2022-01-29 18:40:16,57.2169,94.8978,-8.0,99,100,2.51,overcast clouds
608,Moerai,PF,2022-01-29 18:40:16,-22.4333,-151.3333,79.09,77,2,9.55,clear sky
609,Tshela,CD,2022-01-29 18:40:17,-4.9833,12.9333,74.1,95,100,2.13,overcast clouds
610,Show Low,US,2022-01-29 18:40:17,34.2542,-110.0298,50.68,29,0,6.91,clear sky
611,Tongren,CN,2022-01-29 18:40:18,27.7172,109.1853,36.66,92,100,2.53,overcast clouds
612,Inirida,CO,2022-01-29 18:39:32,3.8653,-67.9239,95.54,30,81,1.19,broken clouds
613,Eyl,SO,2022-01-29 18:40:18,7.9803,49.8164,75.31,69,97,21.25,overcast clouds
614,Narsaq,GL,2022-01-29 18:40:19,60.9167,-46.05,19.62,94,100,2.21,overcast clouds
615,Coahuayana,MX,2022-01-29 18:40:19,18.7333,-103.6833,83.68,37,0,6.64,clear sky
616,Bonfim,BR,2022-01-29 18:40:19,3.0833,-59.95,93.65,34,76,9.17,broken clouds
617,Paracale,PH,2022-01-29 18:40:20,14.2804,122.7881,75.06,92,9,4.92,clear sky
618,Zhigansk,RU,2022-01-29 18:40:20,66.7697,123.3711,-27.8,100,100,3.67,overcast clouds
619,Visp,CH,2022-01-29 18:40:21,46.2937,7.8815,46.29,56,7,5.28,clear sky
620,Sambava,MG,2022-01-29 18:40:21,-14.2667,50.1667,78.37,84,16,11.07,few clouds
621,Souillac,MU,2022-01-29 18:40:21,-20.5167,57.5167,80.98,83,40,8.05,scattered clouds
622,Mackay,AU,2022-01-29 18:40:22,-21.15,149.2,75.18,88,75,8.05,broken clouds
623,Russell,US,2022-01-29 18:40:22,32.3502,-85.1999,41.99,24,0,12.66,clear sky
624,Madison,US,2022-01-29 18:35:47,34.7334,-86.5667,33.01,40,20,1.01,few clouds
625,Summerville,US,2022-01-29 18:39:42,33.0185,-80.1757,44.78,41,75,3.0,broken clouds
626,Thongwa,MM,2022-01-29 18:40:23,16.7619,96.5278,68.16,61,90,7.31,overcast clouds
627,Port Macquarie,AU,2022-01-29 18:40:24,-31.4333,152.9167,67.96,79,100,2.95,overcast clouds
628,Casino,AU,2022-01-29 18:40:24,-28.8667,153.05,69.75,94,100,5.75,overcast clouds
629,Nishihara,JP,2022-01-29 18:40:24,26.1842,127.7558,61.88,94,100,10.36,light rain
630,Axim,GH,2022-01-29 18:40:25,4.8699,-2.2405,81.27,79,49,8.84,scattered clouds
631,Nongan,CN,2022-01-29 18:40:25,44.382,125.1685,10.81,82,4,6.6,clear sky
632,Totness,SR,2022-01-29 18:38:23,5.8833,-56.3167,81.23,66,43,8.99,scattered clouds
633,Nurota,UZ,2022-01-29 18:40:26,40.5614,65.6886,30.29,77,4,5.39,clear sky
634,Payo,ID,2022-01-29 18:40:26,-3.7508,103.6372,73.09,97,100,1.9,overcast clouds
635,Panalingaan,PH,2022-01-29 18:40:26,8.7842,117.4231,77.76,86,40,1.95,scattered clouds
636,Morrope,PE,2022-01-29 18:40:27,-6.5417,-80.0111,82.51,50,9,14.43,clear sky
637,Zlynka,RU,2022-01-29 18:40:27,52.4267,31.7378,28.18,93,100,7.18,overcast clouds
638,Paka,MY,2022-01-29 18:40:28,4.6374,103.4368,71.53,100,47,0.0,scattered clouds
639,Dabhol,IN,2022-01-29 18:40:28,17.6,73.1667,68.92,53,6,4.16,clear sky
640,Kothapet,IN,2022-01-29 18:40:28,19.3333,79.4833,60.6,31,0,3.11,clear sky
641,Ialibu,PG,2022-01-29 18:40:29,-6.2821,143.9935,54.72,91,100,2.33,overcast clouds
642,Kantang,TH,2022-01-29 18:40:29,7.4054,99.5156,75.63,88,11,2.04,few clouds
643,Playa Vicente,MX,2022-01-29 18:40:34,17.8333,-95.8167,63.27,82,100,7.94,overcast clouds
644,Margate,GB,2022-01-29 18:40:35,51.3813,1.3862,52.3,66,59,11.99,broken clouds
645,Custoias,PT,2022-01-29 18:40:35,41.1053,-7.321,40.95,58,0,3.8,clear sky
646,Manzhouli,CN,2022-01-29 18:39:14,49.6,117.4333,-11.09,95,14,5.57,few clouds
647,Paranaiba,BR,2022-01-29 18:40:36,-19.6772,-51.1908,73.11,94,100,2.28,overcast clouds
648,Doctor Juan Leon Mallorquin,PY,2022-01-29 18:40:36,-25.4,-55.2667,82.13,50,71,6.44,broken clouds
649,Adamovka,RU,2022-01-29 18:40:37,51.5223,59.9396,0.99,97,100,2.48,overcast clouds
650,Salinopolis,BR,2022-01-29 18:40:37,-0.6136,-47.3561,75.76,91,100,5.68,light rain
651,Tuatapere,NZ,2022-01-29 18:40:38,-46.1333,167.6833,61.83,93,100,4.09,heavy intensity rain
652,Saint-Louis,SN,2022-01-29 18:40:38,16.3333,-15.0,91.04,14,100,10.6,overcast clouds
653,Aras,ES,2022-01-29 18:40:38,42.5617,-2.356,46.2,49,0,2.3,clear sky
654,Ngong,KE,2022-01-29 18:40:39,-1.3618,36.6566,64.69,73,20,9.22,few clouds
655,Loma Alta,HN,2022-01-29 18:40:39,15.3967,-88.5597,68.76,99,100,3.44,overcast clouds
656,Kandrian,PG,2022-01-29 18:40:40,-6.2167,149.55,78.24,87,99,10.31,moderate rain
657,Marawi,PH,2022-01-29 18:40:40,7.9986,124.2928,67.64,93,81,0.31,broken clouds
658,Dubti,ET,2022-01-29 18:40:40,11.7361,41.0853,82.65,39,4,15.14,clear sky
659,Galveston,US,2022-01-29 18:40:41,29.3669,-94.9669,62.22,44,0,5.01,clear sky
660,Young,UY,2022-01-29 18:40:41,-32.6833,-57.6333,84.22,40,0,8.32,clear sky
661,Moanda,GA,2022-01-29 18:40:41,-1.5575,13.2178,79.03,60,100,3.36,overcast clouds
662,Stuartfield,GB,2022-01-29 18:40:42,57.5032,-2.0411,41.88,70,8,31.29,clear sky
663,Kangaatsiaq,GL,2022-01-29 18:40:42,68.3065,-53.4641,3.96,88,100,9.24,overcast clouds
664,Kamarion,GR,2022-01-29 18:40:43,36.8,25.8167,53.1,74,100,28.66,overcast clouds
665,Maxixe,MZ,2022-01-29 18:40:43,-23.8597,35.3472,76.82,83,20,4.61,few clouds
666,Tura,IN,2022-01-29 18:40:44,25.5198,90.2201,51.33,56,0,1.7,clear sky
667,Tecoanapa,MX,2022-01-29 18:40:44,16.5167,-98.75,84.78,57,37,8.28,scattered clouds
668,Rybachiy,RU,2022-01-29 18:40:44,48.7073,44.7449,35.46,99,100,15.64,light rain
669,Kapit,MY,2022-01-29 18:40:46,2.0167,112.9333,72.73,99,100,0.51,overcast clouds
670,Palu,ID,2022-01-29 18:40:46,-0.8917,119.8707,75.69,96,100,2.17,overcast clouds
671,Wiang Sa,TH,2022-01-29 18:40:47,8.6359,99.3666,73.89,87,19,1.81,few clouds
672,Lasem,ID,2022-01-29 18:40:47,-6.6922,111.4527,77.14,89,100,5.26,overcast clouds
673,Marfino,RU,2022-01-29 18:40:48,55.7028,37.3822,23.25,93,75,4.47,mist
674,Nenjiang,CN,2022-01-29 18:40:48,49.1833,125.2167,-12.24,95,28,2.73,scattered clouds
675,Arona,ES,2022-01-29 18:40:48,28.0996,-16.681,62.91,68,22,1.99,haze
676,Tarko-Sale,RU,2022-01-29 18:40:49,64.9225,77.785,-13.11,99,91,9.46,overcast clouds
677,Taman,RU,2022-01-29 18:40:49,45.2117,36.7161,37.72,74,53,20.22,broken clouds
678,Dafeng,CN,2022-01-29 18:40:50,23.4517,108.5881,44.04,79,48,5.73,scattered clouds
679,Flinders,AU,2022-01-29 18:40:50,-34.5833,150.8552,74.21,85,100,5.99,overcast clouds
680,San Rafael,AR,2022-01-29 18:40:50,-34.6177,-68.3301,91.31,23,0,13.91,clear sky
681,Zhangjiakou,CN,2022-01-29 18:39:08,40.81,114.8794,17.87,54,26,1.66,light snow
682,Gundlupet,IN,2022-01-29 18:40:51,11.8,76.6833,67.77,79,53,3.8,broken clouds
683,Kuzedeyevo,RU,2022-01-29 18:40:51,53.3308,87.2019,-3.08,100,43,2.19,scattered clouds
684,Petrivka,UA,2022-01-29 18:40:52,46.9695,30.9591,28.85,80,30,7.43,scattered clouds
685,Mao,ES,2022-01-29 18:40:52,39.8885,4.2658,46.96,87,0,3.44,clear sky
686,Malinovoye Ozero,RU,2022-01-29 18:40:52,51.6753,79.7825,7.03,79,71,11.54,broken clouds
687,Boende,CD,2022-01-29 18:40:53,-0.2167,20.8667,78.53,37,11,1.83,few clouds
688,Dwarka,IN,2022-01-29 18:40:59,22.2394,68.9678,68.7,56,0,9.91,clear sky
689,Siva,EG,2022-01-29 18:40:59,29.2041,25.5195,55.53,53,13,8.48,few clouds
690,Nazas,MX,2022-01-29 18:40:59,25.2333,-104.1333,59.61,46,0,4.7,clear sky
691,Matay,EG,2022-01-29 18:39:31,28.419,30.7792,51.49,47,0,4.97,clear sky
692,Launceston,AU,2022-01-29 18:41:00,-41.45,147.1667,58.64,77,40,13.8,scattered clouds
693,Kalmar,SE,2022-01-29 18:41:00,56.6616,16.3616,46.33,86,75,21.85,broken clouds
